        1022        2040
 -0.18955291486352660      -0.17412134781180999        1.1329602209053671     
 -0.18955291486352660      -0.27279396259009647        1.1426786252078009     
 -0.11123217096347530      -0.35111470649014792        1.1426786252078009     
  0.17647648628158050      -0.35111470649014781        1.1143417957977300     
   2.8375176571752619E-002 -0.20301339678031999        1.1143417957977300     
 -0.24341531391387569      -0.11518798559519020        1.1218508080854430     
 -0.25133234081139111      -0.11623759387332240        1.1211744263881791     
 -0.37055429951404012      -0.23545955257597151        1.1211744263881791     
 -0.34318356981201181      -0.26047514832784829        1.1263340290988590     
 -0.29405679559888542      -0.27279396259009647        1.1323858913379059     
 -0.14720691337208910      -0.41964384481689282        1.1323858913379059     
 -0.11123217096347519      -0.42441323463008201        1.1354593503072841     
  -4.1528449813510823E-002 -0.50067932598143794        1.1210825786262471     
   4.0082855352884798E-002 -0.48985962022564389        1.1141102146543980     
  0.17835637615532110      -0.35158609942320762        1.1141102146543980     
  0.64300892062591364       -7.4699635660563674E-002  0.99218843662878065     
  0.58962329355389431      -0.26601841798086151        1.0324220539470430     
  0.74238244248105201      -0.26601841798086151       0.98608307272931395     
  0.91012407944643636      -0.19480479813855289       0.92625119001147094     
  0.92463758865437529      -0.18232672050413021       0.92028069079714059     
  0.84607837269838260        7.3320041061585373E-003  0.92028069079714259     
  0.41096857272758419      -0.35158609942320762        1.0758647652826849     
  0.51383596270010423       -6.7550332610545841E-002   1.0122512260416900     
  -7.5517285417828747E-002  0.17656777578862209        1.0122512260416829     
 -0.24341531391387569       0.18933021825696680        1.0294762208488351     
 -0.27553124825052427       0.22668492323417039        1.0141094178570440     
 -0.67485086069440536        6.1281324038289550E-002   1.0141094178570480     
 -0.59254359067898998       -2.1025945977125961E-002   1.0494189892828150     
 -0.56183724709271388      -0.13106867819997331        1.0725605602421040     
 -0.51952689072138147      -0.16410829373930411        1.0849493927209459     
 -0.69714599332185001        7.0287633306279032E-002   1.0062146177583859     
 -0.73123656685779814       -1.2014291673256190E-002   1.0062146177583851     
 -0.62292855749559628      -0.10513276012140391        1.0507698576757580     
 -0.44703962163584060      -0.33910804186494348        1.0849493927209479     
 -0.37344739968183938      -0.36893203825503940        1.1035259547846801     
 -0.28444160135769719      -0.45793783657918169        1.1035259547846810     
 -0.25986228791371280      -0.51858853767192170        1.0882161641146499     
  -4.1528449813510802E-002 -0.60902537453802819        1.0882161641146479     
  -6.4615940542255114E-003 -0.69162434649475046        1.0587538785895050     
   1.8102076033507161E-002 -0.72019485730930111        1.0470006761126029     
  0.35920194162168989      -0.57890666685898717        1.0470006761126061     
  0.43718408812283749      -0.57459060870889200        1.0348887030778340     
  0.46533934328107018      -0.54643535355065898        1.0348887030778340     
  0.65868592532842130      -0.46807968481406581       0.98608307272931606     
   1.0277360286551549      -0.14981022416138060       0.86983049853867822     
   1.1182927374927849      -0.14981022416138060       0.82142692922990845     
   1.1484068162096801      -0.13238973620758379       0.80283562469096204     
   1.1813812439732430      -0.10159922172053359       0.78080055210374733     
   1.1797079249042011       -7.7682244170564671E-002  0.77826952655378112     
   1.1378329062100001        7.8597453164162931E-002  0.77826952655377779     
   1.1039950960425780        6.5351431934750251E-002  0.79825333226837158     
  0.89703286210440447        5.8286493512180418E-002  0.88909295392219712     
   1.1695607242278780       0.12108083393280800       0.74677204356651417     
   1.1607177135072200       0.16015263411902220       0.73394202872393233     
  0.90909953205276295       0.41177081557347889       0.73394202872393233     
  0.89982719253658439       0.44934402060147532       0.71934264132628634     
  0.84768279419433756       0.50265247565683258       0.70561877987678534     
  0.84494449906295077       0.50280414394013673       0.70604403564988016     
 -0.27787396129892850       0.80366244364071737       0.70604403564990337     
 -0.30609093280415117       0.80563660598592424       0.70903011010990469     
 -0.30609093280415112       0.32357899728152340       0.96669527013223178     
 -0.39504097851035919       0.90089571112164846       0.64537346953649999     
 -0.93518389797602663       0.75616485205350226       0.64537346953648878     
 -0.92814508144083718       0.61550484943144346       0.72156591948651161     
 -0.89566839765486772       0.53254107927102468       0.77056234851170380     
 -0.88634739326387579       0.25948903324830491       0.89041003318598388     
  -1.0489607884259580       0.49468914244632289       0.72156591948651172     
  -1.0591415183971691       0.44970678748256648       0.73633678438366879     
 -0.92557691270211184       0.27086448582288009       0.86893174862640432     
 -0.89748919447769215       0.25986937384472319       0.88551968682884330     
 -0.80992207717504150        1.2802544628424690E-002  0.96771064889687697     
 -0.97453399923738937        8.8154151482592619E-002  0.86893174862640821     
 -0.84427678564674413        1.2802544628424690E-002  0.94934767464640757     
 -0.76508347756224904      -0.28275090476250569       0.94934767464640157     
 -0.69958888196798019      -0.32142654570558610       0.97881606937122900     
 -0.68327211037790869      -0.33738702020383637       0.98301669969099248     
 -0.64843925913718314      -0.34598309346348738       0.99655129938907550     
 -0.26699140858824949      -0.72743094401242081       0.99655129938907550     
 -0.26386873899637281      -0.74008456876435813       0.99163462620135245     
 -0.23280154229721561      -0.77184530072377089       0.98345806425647719     
 -0.19327650151060061      -0.83877829780004742       0.95334248051918258     
   1.9269032957108901E-002 -0.89572970211548475       0.95334248051918713     
   1.9269032957108939E-002 -0.72389486966928207        1.0451901120059259     
   4.2644479459882562E-002 -0.93613787196090403       0.92839598959312752     
   5.4182431672298068E-002 -0.94849418942119712       0.92013891371297907     
   6.6745783724747210E-002 -0.94761521144346017       0.91880939099333192     
  0.38299288967481632      -0.86287705479549925       0.91880939099332537     
  0.38790957711126062      -0.85455097544784819       0.92255559616492089     
  0.44475703137651179      -0.79643447478711693       0.93751725285089083     
  0.54360037567569730      -0.77406353848170806       0.90506004411197938     
  0.84328276421644821      -0.47438114994095720       0.90506004411197938     
  0.93358991139358460      -0.45209509452620172       0.86997043636004934     
  0.98387979444905793      -0.40290335389319148       0.85702368360482073     
   1.0629948956964781      -0.35618457929420111       0.82142692922990435     
   1.2586208359594919      -0.10159922172053371       0.71741165714837241     
   1.2631538724731530       -9.6536964395011846E-002  0.71286511133522668     
   1.2597633987514680       -5.1196897045840351E-002  0.70824614528900753     
   1.2347249425331330        7.4679922722375558E-002  0.70824614528902685     
   1.2316226484769990       0.11848972215201230       0.70193622638899089     
   1.2602326674268121       0.15844948304526171       0.66083135513669744     
   1.2391037557376989       0.25141555974110602       0.63036958432108103     
   1.1764265078591150       0.34521869010425060       0.63036958432105616     
   1.1461533114358839       0.47025269736929021       0.58148592784712549     
   1.1538792084832099       0.49527022738902571       0.55905723585627387     
   1.1092847311484639       0.59604981848220839       0.50630524785634157     
  0.83616424332583961       0.77854309402330402       0.50630524785641406     
  0.79408465797371430       0.87245387819703735       0.44593084733895633     
  0.54557864254369381        1.1010059859784509       0.32759749076161049     
  0.52665899168259833        1.1248215168558560       0.31114109329246548     
 -0.27013105351200750        1.2833129110501640       0.31114109329234207     
 -0.42296389945568691        1.2947415607694470       0.32671075975808489     
 -0.42296389945568702        1.0121951784495731       0.55859058315337606     
 -0.52993264219077196        1.3905275284629310       0.23063933190558530     
 -0.57805984423070234        1.3869286362831299       0.22573642979011160     
 -0.89899390447997396        1.3230908825861400       0.22573642979016140     
 -0.94203097457566831        1.2689170144073829       0.26317026705290619     
 -0.95588426508220325        1.2046293617405790       0.31366832517420762     
 -0.98152106919732984        1.1474146254732620       0.35045116575312679     
 -0.99418418257904628       0.84410961590984324       0.56956986247972874     
  -1.0322811798570550        1.1134978038720289       0.35045116575311330     
  -1.0881880291313171       0.98715324853897768       0.41658485804626222     
  -1.0453547348236749       0.84845307953316684       0.54093220038007106     
  -1.0702583325968491       0.74559652678053978       0.58114529520789726     
  -1.1391148448276249       0.64254547377886795       0.58114529520792457     
  -1.1755941294767149       0.48203858045675452       0.63373785770468472     
  -1.1527140453437319       0.45008184904824972       0.66661035996264084     
  -1.1371034616095030       0.44645184313536368       0.68001420858596096     
  -1.0103634878329610        9.5462678895507996E-002  0.84132359771164000     
 -0.98123203666416381        8.8154151482592577E-002  0.86403809471375648     
  -1.2232521839970700        9.5462678895508024E-002  0.66661035996258600     
  -1.2406194722567330        8.1830725981158148E-002  0.65013207174739540     
  -1.2611754560013291        5.8874881928107532E-002  0.62951482731368558     
  -1.2004078046851361      -0.24662473137731800       0.62951482731373287     
  -1.1092144927829710      -0.26627589905303772       0.70114732552574921     
  -1.1040280947026220      -0.26859982257909859       0.70448161431591327     
 -0.85225289035213125      -0.64540804430648890       0.70448161431581302     
 -0.71458825165808837      -0.70632397523501567       0.77654068192691827     
 -0.67451806260599301      -0.74639416428711103       0.77654068192691816     
 -0.58721830031716260      -0.76753115660847959       0.81067164904002498     
 -0.27682091248017687      -0.97493206042701408       0.81067164904010713     
 -0.18673723347931520      -0.99540587373492473       0.84018895773465030     
 -0.16834222963305689       -1.0123238420763929       0.83142964240936845     
 -0.16117313064375249       -1.0213481047119179       0.82519392784307910     
   3.0507915838635380E-002  -1.0594758354495650       0.82519392784304946     
   5.4182431672298068E-002  -1.0612461862342140       0.82760574130495357     
   6.9704755796691456E-002  -1.0751457684774970       0.81366473569817588     
  0.13559325486704010       -1.0702187086445489       0.80695242233307785     
  0.31013263279320619       -1.0355006677802601       0.80695242233310505     
  0.34493925699029981       -1.0330359136666480       0.80193922942359530     
  0.37712453699764048       -1.0034349658888500       0.81726518525230984     
  0.47966783519633321      -0.98012938638118574       0.78366528989880802     
  0.76051181876333174      -0.79247543597364123       0.78366528989873341     
  0.84454792546446988      -0.77212863896653261       0.75081029099689756     
  0.95166288658735798      -0.66501367784364440       0.75081029099689733     
  0.98442035739634348      -0.65051865684098709       0.73366374685755920     
   1.1844770570382330      -0.35111264729696517       0.73366374685763858     
   1.1911787079333991      -0.34810976862520809       0.72935531562864986     
   1.2163997091713321      -0.32068682956927691       0.71629708675604487     
   1.2170842498234711      -0.32014301342655171       0.71582407302759243     
   1.2574554967496530      -0.11718304940832830       0.71582407302756113     
   1.3437381917764379       -9.6536964395011929E-002  0.61467283415706386     
   1.3440223633329060       -9.6215807297042238E-002  0.61426458936332662     
   1.3116533963733561       0.10815380687225830       0.61426458936333528     
   1.3077553845543530       0.15372814636233201       0.60845470521009437     
   1.3439751962442721       0.22158174487986451       0.52627080201252419     
   1.3385801516887210       0.24316679610168479       0.51976614735499260     
   1.2532572631055849       0.41062239359491198       0.51976614735505688     
   1.2319681226111940       0.49017153041783690       0.49052700067472549     
   1.2579833953774870       0.58187707442706305       0.37999937692399521     
   1.2484674897338861       0.60323861784326493       0.36887755301315578     
   1.0990600154503760       0.75264609212677536       0.36887755301315578     
   1.0402996422857551       0.87686119548447827       0.29092274189682199     
   1.0225737917359550       0.89276659065984099       0.28719593067891180     
  0.99149494705546803       0.93697962378791610       0.25425225997254158     
  0.55395733661949520        1.1599161714161299       0.25425225997237388     
  0.52238846383098825        1.1678066078812681       0.26376553901473282     
  0.25314824399409730        1.3711118176595869        9.5392852332938774E-002
   5.2258976066488501E-002   1.3882940467265190       0.12100251310581710     
 -0.24962259368454870        1.4361073901958361       0.12100251310580430     
 -0.52993264219077207        1.4590148608692830       0.14718727591032851     
 -0.54932456555897125        1.4720732032255099       0.12753315365693191     
 -0.61637494286687400        1.4665937187760250       0.12126973843112240     
 -0.73988509982713135        1.4470316316914760       0.12126973843112759     
 -0.74930221928488150        1.4426909656349649       0.12474142661603750     
 -0.78591671730986112        1.4270486114129630       0.13414025165306651     
 -0.82354554466222851        1.4058221558615480       0.14959075497322299     
 -0.87998935431777470        1.3632010327260069       0.18488858634484151     
 -0.89742241438541148        1.3389087503316510       0.20830293752437809     
 -0.93311669695033506        1.3207216049633690       0.20830293752439169     
 -0.93550667294897993        1.3182611348688380       0.20974561362229860     
 -0.96853600938640949        1.2712733153047699       0.24475681157483270     
 -0.97976541937733341        1.2611971723862669       0.24711776407226649     
  -1.0295023433710220        1.1560569763350610       0.31310156074716350     
  -1.0489674126103550        1.1365919070957280       0.31310156074716350     
  -1.1113010025136001       0.99666390267070393       0.38595465919087901     
  -1.1082317327694700       0.98584452537164369       0.39899465667682610     
  -1.1543232675480419       0.81361860542691011       0.46229815859449691     
  -1.2535522830435291       0.61887069716462706       0.46229815859442219     
  -1.2906085888182739       0.47061200346833709       0.50697591231206218     
  -1.3441364063092049       0.39972429053485298       0.46264540817501609     
  -1.3629251252232140       0.37930812209156189       0.44369144509545250     
  -1.4101243009956059        8.1304254567245757E-002  0.44369144509544001     
  -1.4126840869193560        4.9981123057852100E-002  0.44661745068546138     
  -1.3005349777148081        4.9981123057852017E-002  0.58327153564275813     
  -1.4402321659362110        9.0716245424314491E-003  0.40515481338637982     
  -1.4364134774835060       -3.7656220738567281E-002  0.40078979846247759     
  -1.4114064346848050      -0.19554447508638981       0.40078979846248419     
  -1.3885677000260130      -0.22036146532183720       0.42382939661113322     
  -1.3822594298287310      -0.22871560467989291       0.42905376052482380     
  -1.2006580069424020      -0.24675753307477791       0.62920380933543774     
  -1.3799872731141909      -0.23780628383227870       0.42631428458469178     
  -1.2687561960245179      -0.45610956426702082       0.42631428458477549     
  -1.2221800169346930      -0.48884954461512398       0.46101876419492399     
  -1.1415712978035240      -0.57868435177182742       0.47990628477566061     
  -1.0242643039188031      -0.63417682047457702       0.55352571030215592     
 -0.82462919034484705      -0.83381193404853327       0.55352571030215592     
 -0.66414229468618668      -0.90530387292051084       0.63708273419019001     
 -0.61717999227318199      -0.94744311899647315       0.62720903955647023     
 -0.45520737471433309      -0.99079063914782883       0.68674382914875098     
 -0.29225230287073789       -1.0738203953763730       0.68674382914868848     
 -0.16811320447281211       -1.1048481636248790       0.72415314341334791     
 -0.15364476770265639       -1.0971250057274080       0.74167723399833585     
  -9.9366788583422919E-002  -1.1017674472084169       0.74859667099475036     
   2.9457394418394602E-002  -1.1221711933334280       0.74859667099474503     
   6.9704755796691442E-002  -1.1254602843074060       0.75235632077117909     
   7.7056752728004135E-002  -1.1304110512379539       0.74490491722801233     
  0.14798369822405391       -1.1246147662579249       0.73827937792194553     
  0.25203203755506759       -1.1081351282662830       0.73827937792195009     
  0.33821051524343659       -1.1007642101502650       0.72729321822168413     
  0.35045307748751098       -1.1072992106332229       0.71246509455043550     
  0.47952899912303082       -1.0750375152072471       0.67356806872392594     
  0.63814600260382470      -0.99421811521119763       0.67356806872398689     
  0.78252877194022896      -0.95557803457507151       0.62049861832709763     
  0.83568413161576738      -0.90788176189395375       0.63167438617949478     
  0.89684507921857515      -0.88063645498321319       0.59983112110237591     
   1.1369201174282910      -0.64056141677349709       0.59983112110237580     
   1.1640679355062380      -0.62771904996185701       0.58279371604227947     
   1.2022284250505120      -0.58519089350229558       0.57385228837282853     
   1.2097550269711950      -0.55706694523121059       0.58418955011532570     
   1.3175531093410850      -0.34550129629885568       0.58418955011524443     
   1.3215079514473840      -0.32967835571705117       0.58895779287240035     
   1.3114154848561870      -0.31077129507318502       0.61185792014132612     
   1.3133040884519629      -0.28869033035766589       0.61467283415707186     
   1.3451251742192929       -9.5966444290941574E-002  0.61226574672102030     
   1.4329264976849050       -9.5966444290941505E-002  0.44800102413592419     
   1.4400198945482821       -8.2866245562049315E-002  0.43150357412631718     
   1.4561366578461741       -4.5670011616602238E-002  0.39218963100280602     
   1.4546205727269059       -2.8396019585058951E-002  0.39077136480776858     
   1.4235147103139649       0.20787646276814850       0.39077136480769509     
   1.4225295065487080       0.20780665550875799       0.39263174525334421     
   1.3440467539653880       -9.6215807297042266E-002  0.61422190987837966     
   1.4536424731680799       0.31288301868008012       0.25571164850772649     
   1.4450807852777869       0.34452860959790721       0.24737147101969459     
   1.3547390540538231       0.56263284236708910       0.24737147101968801     
   1.3530834509306600       0.56188704060521888       0.25097535092037648     
   1.3638332183628030       0.65837780153368308       0.11381696193581800     
   1.3556087836174751       0.67566450954534774       0.10566390955175960     
   1.2189445634511129       0.85376878882571805       0.10566390955174110     
   1.2178187919175500       0.85594201937164549       0.10441641423367820     
   1.2115121772650059       0.90082362128519644        3.9642693444540758E-002
  0.95824491893074315        1.0951624237765030        3.9642693444566821E-002
  0.94638000769147468        1.1102023272776289        2.5976054964661561E-002
  0.90394668569203751        1.1417390608184259        1.0909318711980059E-002
  0.80393908893658661        1.1712915396941199        4.3431656455025378E-002
  0.43326613037137812        1.3248293063367751        4.3431656455036653E-002
  0.25269754593132882        1.3736819843222150        9.1020404186219359E-002
  0.15087231488728201        1.4310368850624660        1.8879476516764498E-002
 -0.15422104954940530        1.4604166290054781        5.2025296563547180E-002
 -0.23286497153311569        1.4707702977546899        5.2025296563571632E-002
 -0.51061042069602192        1.4951471610559650        7.4829346759607687E-002
 -0.53223178282620531        1.4918936210404550        8.6241730769789859E-002
 -0.54932456555897125        1.4844874859513419       0.10430766425015320     
 -0.59625644182615145        1.4803684196059330       0.10045436308746450     
 -0.64516443378990129        1.4739295603119280       0.10045436308744930     
 -0.67804631522619907        1.4707631156442551        9.6882024085912774E-002
 -0.72236265990647708        1.4561184061332100       0.11022569298941309     
 -0.72733917363277023        1.4540983512480541       0.11238122676409110     
 -0.85601350798130060        1.3923734851121581       0.14959075497322211     
 -0.86422231454720699        1.3865404136135411       0.15405381004305849     
 -0.88861029586108220        1.3635933268996780       0.17761816727544269     
 -0.91443919840156163        1.3443971108437891       0.18678919711559480     
 -0.95993470605942954        1.2995168457999471       0.20974561362229599     
 -0.98849746902448199        1.2601681719388580       0.23794364107742411     
  -1.0002603887288231        1.2484052522345179       0.23794364107742411     
  -1.0462540452777740        1.1596174153146270       0.28891035101349938     
  -1.0944531236071000        1.0968031534882841       0.28891035101350587     
  -1.1455179140380460       0.98947150709665199       0.33953193465497961     
  -1.2212208303675549       0.88761168002385349       0.30336471802108139     
  -1.2598350341565270       0.75693859037192668       0.34585943335734981     
  -1.3686064070378681       0.49434126676382528       0.34585943335735780     
  -1.4015615484139039       0.37253293457646502       0.37796195002711069     
  -1.4443116709786490       0.29663634943493639       0.32419089541801083     
  -1.4499839037587590       0.23773316137077741       0.33059022984916520     
  -1.4626094044930700       0.14183296224282860       0.33059022984919501     
  -1.4719797138557591        3.5069399163746892E-002  0.33935595997690998     
  -1.4701718809855160        2.3055466963109068E-002  0.34569726294017561     
  -1.4641128192369630        9.0716245424313814E-003  0.36047725347311388     
  -1.4604301217526270       -3.2888346036089061E-002  0.35703216633242219     
  -1.4518347249985140       -9.8176866281713293E-002  0.35703216633240192     
  -1.4503171118969520      -0.11393648923714150       0.35532001625843918     
  -1.4301765609051911      -0.17488379578005769       0.37367127435375641     
  -1.4193207866848210      -0.19415663391393090       0.38732565458491369     
  -1.4075188978235700      -0.23777861029831771       0.37582910751871329     
  -1.3827113307827661      -0.29766937509771030       0.37582910751871140     
  -1.3728298470333000      -0.33110898760260082       0.36495458991041457     
  -1.3535024233815700      -0.36700654434442331       0.36652981729717388     
  -1.2907101445429801      -0.45149484379336419       0.39652895156838780     
  -1.2828367245719381      -0.46804376372612128       0.38872386739502679     
  -1.1481025820893300      -0.64363271679746947       0.38872386739500892     
  -1.1325907857874600      -0.65489255651904710       0.39983992328910678     
  -1.0103989681954340      -0.77708437411107267       0.39983992328910678     
 -0.92334692639515203      -0.82217885834836313       0.44981023811703957     
 -0.68507096166826298       -1.0050144366700171       0.44981023811706411     
 -0.60995561186395553       -1.0407517958260311       0.48523742190406088     
 -0.59780901879390458       -1.0395980733310310       0.50218068751963807     
 -0.45667819563633338       -1.0813025618437619       0.54807624391330134     
 -0.23079849107242159       -1.1748649989389530       0.54807624391330811     
 -0.15942613860691990       -1.1543873317043061       0.63987555674608632     
 -0.11410318414135540       -1.1587518212414600       0.64479951336991459     
   7.0829207160917534E-002  -1.1830986324411890       0.64479951336997210     
   7.7056752728004108E-002  -1.1804002980351089       0.65138161446608289     
   8.1799021390122281E-002  -1.1799840837091400       0.65099225459379717     
  0.26870945037910082       -1.1553768589076350       0.65099225459373877     
  0.34328156209568411       -1.1481957471467550       0.64289062380268525     
  0.38917965881204131       -1.1613645151471581       0.58385636763282467     
  0.47907652327340638       -1.1370429944072651       0.56016410013267948     
  0.61399841205126204       -1.0811565182144891       0.56016410013267548     
  0.76554545562278309       -1.0363740121937419       0.51088120268394355     
  0.78283460272851368       -1.0380161910187189       0.48676459566584512     
  0.86539153879002662      -0.99873837519895869       0.44782768391129391     
   1.0415239287212590      -0.86358723894749934       0.44782768391127559     
   1.1153275686790021      -0.82535565919472709       0.40546232351459471     
   1.1441778509332330      -0.79650537694049650       0.40546232351459482     
   1.1447562992758731      -0.79608548774787247       0.40504779614564912     
   1.3081499181676850      -0.58314677784770408       0.40504779614567110     
   1.3172209732410489      -0.56408058238666692       0.41404012078340091     
   1.3169359091677970      -0.56107937775411454       0.41822649691066333     
   1.3259715373598251      -0.53050219793574993       0.42817015520808649     
   1.4009619961481110      -0.34945921528047169       0.42817015520809221     
   1.4070374775619421      -0.32700310593444581       0.43408845005437358     
   1.4039340004919449      -0.31618632408276948       0.44800102413585580     
   1.4000268325059231      -0.31590947913078982       0.45537900945767551     
   1.4989170446126550       -4.5670011616602238E-002  0.25116159582621872     
   1.5194058193062241        5.6765609974957887E-002  0.14557119692064671     
   1.5097677251135460       0.16190104347348380       0.13829297597220369     
   1.4981133398485731       0.26533657356004270       0.13829297597218720     
   1.4946095249123119       0.29947965162865270       0.13524711556177099     
   1.4964921267158671       0.36404592584366141        5.3972288208594302E-002
   1.4571800651107580       0.50272087729542536        2.3380799165735690E-002
   1.4346425117320400       0.56712950439451060        2.3380799165743489E-002
   1.4126169553686521       0.63712940355062375        4.2888908413346053E-003
   1.4086577266904809       0.66119001995636928       -3.0205732173419431E-002
   1.4076620868702150       0.66350859562807363       -3.1631438031530790E-002
   1.3534306653956460       0.77217896104146033       -7.5064619472547264E-002
   1.3235327854314769       0.81976116442492819       -7.5064619472540062E-002
   1.2938689106333920       0.87330016048653025      -0.10135434237566940     
   1.2135439276100231       0.90285537163021379        3.1375052030881000E-002
   1.2906442591120311       0.88167144410690368      -0.11480938336647900     
   1.2301614161332031       0.96120274250923310      -0.16460850318000009     
   1.1699037423982570        1.0214604162441789      -0.16460850318000009     
   1.1434281454216451        1.0524638434956730      -0.18921729567149739     
   1.1208017521444871        1.0713759467252919      -0.19278672846836470     
   1.0985406888887590        1.0914551468426590      -0.21161708629987441     
  0.89623505160562111        1.2185722038402209      -0.21161708629990469     
  0.86332817416838037        1.2349942222343100      -0.19846492312320019     
  0.84544653524116697        1.2452429939152880      -0.20625020033657321     
  0.62040002008631112        1.3160541631267311      -0.14487057711051610     
  0.43701287786217091        1.3802240995622459      -0.14487057711053830     
  0.18266237898864141        1.4523282710534049       -8.8761233513315760E-002
  0.14427254543831111        1.4512089131415740       -4.0436823721136647E-002
 -0.15651176853308929        1.4820758598699340       -1.3604239026847900E-002
 -0.16625301994160999        1.4831734353044370       -1.3604239026846340E-002
 -0.39389346213278431        1.5040419470030391        2.1546481526303601E-003
 -0.48816759841440432        1.4996360870962571        5.1695338096764729E-002
 -0.55766281543203688        1.4895622786992890        8.4481214185674627E-002
 -0.61483955489676601        1.4831200073698980        8.4481214185665496E-002
 -0.65159102144860226        1.4793485156146720        8.1202662768302653E-002
 -0.66303316775631471        1.4763033434140229        8.5931167053809585E-002
 -0.79038429228547225        1.4320379101099909       0.11238122676409870     
 -0.79958998469741616        1.4264074401122551       0.12038161716340920     
 -0.84781364438898055        1.3987682913847921       0.14137715121207101     
 -0.89896576941890183        1.3647096540137160       0.15405381004306379     
 -0.92379425685582017        1.3423146694556840       0.17505592020651309     
 -0.93442259346860734        1.3334310530207529       0.17673259632617230     
 -0.95732344207539810        1.3066137240515410       0.19801869732482130     
 -0.98986887179903860        1.2740682943279000       0.19801869732482119     
  -1.0129308153242260        1.2437432265581629       0.21700696626491531     
  -1.0549507334546171        1.1934707009935190       0.20907621038465959     
  -1.0850125684830760        1.1392134443758810       0.23571862706950841     
  -1.2103656161478820       0.93971521186331963       0.23571862706947841     
  -1.2405744437449819       0.87918195928711429       0.25991245150685649     
  -1.3200887545898681       0.74044863198376221       0.19951097398085271     
  -1.3635416199961909       0.60235013647684610       0.23717622561324150     
  -1.4188057848315090       0.44441422724094920       0.23717622561322241     
  -1.4608137728509480       0.29622928192571690       0.26986560522699010     
  -1.4606695933136780       0.29128445741634601       0.27609005852210472     
  -1.4705223522033439       0.19527381699135540       0.28465504519558332     
  -1.4715424624108031       0.18622008848862320       0.28465504519558471     
  -1.4778201182804260       0.11774139778349070       0.28939562622166698     
  -1.4745591820883981        4.7965701443301277E-002  0.32606248178106761     
  -1.4675302465723710       -5.7603314321376577E-003  0.34370242884335961     
  -1.4627263466734171       -4.8396122272563458E-002  0.34370242884335278     
  -1.4593373935460789       -8.1419924414644379E-002  0.34075641760957193     
  -1.4516313971963331      -0.11037498241159430       0.35272218977710612     
  -1.4245927630479640      -0.19458087767175761       0.36932612724133201     
  -1.4072158499937830      -0.24424124205260911       0.36932612724133801     
  -1.3884680107628560      -0.30382415718574413       0.35307536735258588     
  -1.3272845341528221      -0.41954264842186662       0.34553227917424939     
  -1.2751710100724121      -0.50248084687590833       0.34553227917426188     
  -1.2306655316862329      -0.58280678703903155       0.30608912812241779     
  -1.1939135336369120      -0.62677678611787035       0.31302562723068189     
  -1.1261869133648510      -0.71583321569946401       0.25726227499087623     
 -0.97865081987708280      -0.86336930918723265       0.25726227499087628     
 -0.89820733647238049      -0.95757015715290938       0.18249089241739891     
 -0.89802849071565727      -0.95783666667155543       0.18201443919472701     
 -0.86974324282033488      -0.98334960584858977       0.15808829815180750     
 -0.57391531140772256       -1.1692306150179881       0.15808829815176290     
 -0.56104397286603913       -1.1713486227955650       0.17654135700958279     
 -0.55783090304830307       -1.1604237865519469       0.21655275130010709     
 -0.23119827967340539       -1.1757403497439660       0.54522465904788453     
 -0.32256052099261401       -1.2547975918019940       0.17654135700955390     
 -0.21103561825458239       -1.2515457860320560       0.31692683419272349     
 -0.21151287829875301       -1.2359082802070429       0.36829951230286151     
   6.7516068036116081E-002  -1.1945926711586750       0.60813935457163049     
  -8.1752241564664475E-003  -1.2744026630243730       0.31692683419275569     
   6.7516068036116081E-002  -1.2557951441259210       0.40638183990414650     
  0.36637803723568790       -1.2221214874318871       0.40638183990409887     
  0.36940310512796948       -1.2218110503341280       0.40611197745896710     
  0.39453889711150270       -1.2225439513400671       0.37447150913886479     
  0.41943783377871191       -1.2154855134468801       0.36897884056202590     
  0.66907555091189141       -1.1281334982180040       0.36897884056205599     
  0.75541579825173677       -1.1009664307344991       0.34543023396702571     
  0.79212757919375321       -1.0949254244077600       0.29279820565819509     
  0.83870779047764021       -1.0716797947376879       0.27418110834230891     
   1.0038416816969999      -0.96791929382301434       0.27418110834233378     
   1.0757149155825121      -0.92809713113508940       0.23888856380474449     
   1.0783279311741560      -0.92591306140711960       0.23930078078680131     
   1.0976357339087239      -0.91122964966205400       0.22721105509352141     
   1.2478967240535881      -0.76096865951719050       0.22721105509352141     
   1.2508885270839480      -0.75703461859170174       0.22967438436558521     
   1.2643839635559611      -0.74088871195428263       0.22712728249297079     
   1.2788472813652940      -0.71478451887423600       0.23994545341822671     
   1.3633128567001220      -0.58035832580301805       0.23994545341820650     
   1.3851774828071310      -0.53654540620639801       0.25745652443615907     
   1.3855433717704919      -0.53432186351408995       0.26064431753484540     
   1.3934754741164030      -0.50911267673355942       0.26751992005354941     
   1.4518767215234560      -0.34221150058751493       0.26751992005352920     
   1.4612127246793960      -0.30927835662247621       0.27478492286915163     
   1.4700133612988699      -0.28543001303667342       0.25738951650386582     
   1.4731376335610351      -0.27729040626114992       0.25011348892087520     
   1.4975291019891870       -6.0810136466208690E-002  0.25011348892090979     
   1.5202264376852910        5.6765609974957873E-002  0.13723931869477940     
   1.5202264376852910       0.11542069930601941        7.8584229363717936E-002
   1.5179689230212441       0.16372574068252241        5.3200119023812532E-002
   1.5097677251135460       0.24699390042187511        5.3200119023812532E-002
   1.5066483699062601       0.27667209447555208        5.1206968158437532E-002
   1.4968406839627399       0.36371771476573911        5.1206968158437519E-002
   1.4932939846475950       0.37993838698309901        3.5949813327966727E-002
   1.4806680412240669       0.42738000355050149        1.6344410528744101E-002
   1.4528075184473830       0.52561344682407052       -5.1817897393334460E-003
   1.4524488623873160       0.52679577740307026       -5.1817897393334452E-003
   1.4144425795676030       0.64465786025275795       -3.0205732173419441E-002
   1.3982148086228039       0.68407377398122649       -4.9043015125988250E-002
   1.3730198218978060       0.73523140188093006       -7.3264619362023969E-002
   1.3671986197908399       0.74677990348387135       -7.7226928802626632E-002
   1.3536829947906841       0.77322994194929995       -8.4238887157836256E-002
   1.3509765144470061       0.77829341053141587       -8.4238887157836256E-002
   1.2988139457687000       0.86993494257650694      -0.12006582574508499     
   1.2923864561580161       0.88016423369237251      -0.12006582574508499     
   1.2598231538323050       0.92381779198692426      -0.15400432391388441     
   1.2350752110652241       0.95568398906798790      -0.16861039409657291     
   1.2289367474598321       0.96316372861285193      -0.16861039409657291     
   1.1849367457180280        1.0130382803325060      -0.20053861856819821     
   1.1631629880476420        1.0364317407964900      -0.20934171575288929     
   1.1532894107448859        1.0463053180992461      -0.20934171575288929     
   1.1179239274910391        1.0775052240856859      -0.23198166035276069     
   1.1077426592554289        1.0862274315889999      -0.23579613972168170     
   1.0916076877244760        1.0994690605150781      -0.23579613972168170     
   1.0545888593737420        1.1270831965998109      -0.26457646112676048     
  0.97886995753992678        1.1802407747640700      -0.30146517031489972     
  0.96931718065923833        1.1867851749888121      -0.30504806544393359     
  0.96616605570361958        1.1888782942676310      -0.30579596351509858     
  0.95900322095786483        1.1933790016372721      -0.30579596351509858     
  0.89756447591306743        1.2283500751929981      -0.32981522745008551     
  0.81829802657731054        1.2707188750702401      -0.32981522745008540     
  0.81501220909905658        1.2722283213514340      -0.33259717581729509     
  0.66974880932223779        1.3230581833419319      -0.33259717581729531     
  0.57900508193311284        1.3523197718348530      -0.31333087951964872     
  0.38728687637553960        1.4104768536778960      -0.31333087951964872     
  0.35201652354782831        1.4198635801756720      -0.29875529116305150     
  0.17724923793781980        1.4580769787251699      -0.13436928421327329     
  0.13786418321823901        1.4625146086285510      -0.13436928421327329     
  -5.8688189392648943E-002   1.4831734353044379      -0.12116906957580741     
 -0.21094914206537671        1.4981698302096740      -0.12116906957580741     
 -0.33659742652107988        1.5040419470030391       -5.5141387459074147E-002
 -0.54061050888797402        1.4944709112475809        5.1695338096764597E-002
 -0.58731225961072897        1.4895622786992879        5.4831770006982347E-002
 -0.62355475831084872        1.4854787298214220        5.4831770006982347E-002
 -0.70698256434475659        1.4629714397123750        8.5931167053809654E-002
 -0.73739717898992185        1.4531638203482149        9.2388659978028254E-002
 -0.76882883398806523        1.4421654085793649        9.2388659978028254E-002
 -0.78991393805624410        1.4324792856784569       0.11024043391955940     
 -0.82700222596201611        1.4126551827794731       0.11024043391955940     
 -0.85997443647336447        1.3938873254893140       0.12313080507239740     
 -0.87350302047427553        1.3853867527586921       0.12313080507239731     
 -0.89485999789284376        1.3694555494475751       0.13973480638015950     
 -0.93605010859754934        1.3356516992003380       0.13973480638015950     
 -0.94861160559226343        1.3245697772463549       0.14777630814645701     
 -0.97449357012671012        1.2986878127119090       0.14777630814645701     
 -0.98226495649805057        1.2898788491626509       0.14213706817606089     
  -1.0771370654671699        1.1742768499038130       0.14213706817606089     
  -1.1003894012577000        1.1431053432254210       0.11790275226565849     
  -1.1788494286075719        1.0182369250195680       0.11790275226565849     
  -1.1882256542754390        1.0017643526985429       0.11146285734302690     
  -1.3322734513197969       0.73226987942040922       0.11146285734302699     
  -1.3365985204158830       0.72285491195344675       0.11943407106545460     
  -1.3710954784922660       0.62426826985179196       0.11943407106545460     
  -1.4027554919711120       0.52608673630464797       0.14027952860507190     
  -1.4432118216187160       0.39272009070133090       0.14027952860507190     
  -1.4601680915273441       0.31517134134937280       0.21322183703208761     
  -1.4648399884940519       0.29243808668296961       0.23792314830201869     
  -1.4715424624108040       0.22866935618493550       0.24220577749927200     
  -1.4765327839664979       0.17800177114101859       0.24220577749927191     
  -1.4778201182804260       0.15045610851917379       0.25668091548598398     
  -1.4697518849446620       -8.4360556090815010E-004  0.32606248178106750     
  -1.4675302465723710       -2.1980734983020351E-002  0.32748202529247639     
  -1.4624231771448650       -6.7307229809866365E-002  0.32748202529247639     
  -1.4218424313321769      -0.20857604236685581       0.35272218977710612     
  -1.4211873920242610      -0.21060739853882329       0.35229090145535402     
  -1.3886297471411411      -0.30365180195137897       0.35229090145535408     
  -1.3628795689801489      -0.35970572485254498       0.30483265999104908     
  -1.3163972336669341      -0.44666805769623841       0.30483265999104908     
  -1.2469021179119371      -0.56876018311887844       0.25710116770923819     
  -1.2271321209844630      -0.59818516168863745       0.21155025924284149     
  -1.0920471574900210      -0.77927672511910551        7.0760460335725403E-002
  -1.0691131613070071      -0.80722188032392961        7.0760460335725417E-002
 -0.98312119738655956      -0.90469484582952242        8.3611281057144968E-003
 -0.86226028032227209       -1.0255557628938099      -0.21711123104768301     
 -0.80434771607816857       -1.0766470076219059      -0.25418515526672542     
 -0.75152966833957846       -1.1199936591739430      -0.25418515526672530     
 -0.74896595582489056       -1.1219060564435701      -0.25617831586770018     
 -0.58749152830400753       -1.1867168983897429       -1.3898185033531241E-002
 -0.61090768626718817       -1.2146643759950160      -0.46989740438778838     
 -0.52976090626756833       -1.2580382335513629      -0.46989740438778832     
 -0.53088139766766951       -1.2398392624250709      -0.27155625434366121     
 -0.33791474833287621       -1.2777610952378500       -4.2619600289315357E-002
 -0.50843328247385089       -1.2669909984728620      -0.49747448420299178     
 -0.41633930075084380       -1.2949274024087329      -0.49747448420299178     
 -0.31411514565337639       -1.3159354246709349      -0.38640060976564128     
 -0.32317066384498072       -1.2934191818853100      -0.16684487846602539     
  -1.9688798704600219E-002  -1.2934191818853100       0.13663698667435500     
  -8.1752241564664423E-003  -1.2754000096564959       0.30807513800902581     
 -0.24069505702225810       -1.3231666722348221      -0.38640060976564128     
  -1.9688798704600229E-002  -1.3231666722348221      -0.16539435144798351     
  0.19558651737857269       -1.3019639042456319      -0.16539435144798351     
  0.32484531416489931       -1.2754000096564970       -2.4945400312339931E-002
  0.34993360079068342       -1.2699143794802950       -1.3473725394122301E-003
  0.62209766080614803       -1.1873543144774890       -1.3473725394122029E-003
  0.70867159776633704       -1.1594373334317589        1.7033612781769070E-002
  0.71221949795608686       -1.1579480200103021        2.1621124623473709E-002
  0.73719264964731934       -1.1464757969791941        4.2764727100269601E-002
  0.96782724411134158       -1.0231990379026770        4.2764727100269559E-002
  0.98775059128652964       -1.0118586233315181        5.0553690464027787E-002
   1.0129248561116280      -0.99604058435040488        5.0553690464027773E-002
   1.0242335192087979      -0.98760490511326138        5.9345620762704367E-002
   1.1561528326028880      -0.87934152251005149        5.9345620762704311E-002
   1.1742236144050480      -0.86339923524418938        7.0914004996016564E-002
   1.1833961231909611      -0.85422672645827669        7.0914004996016550E-002
   1.2048248224983380      -0.82993702805866698        8.6463557144577180E-002
   1.2764112917327011      -0.74270866291220217        8.6463557144577236E-002
   1.3021235997563700      -0.70823937825637506       0.11326173351036690     
   1.3127503465469810      -0.69132700762335741       0.11326173351036679     
   1.3331775891662789      -0.65543951480002582       0.12729182415528531     
   1.3918863937171879      -0.54560306687181548       0.12729182415528531     
   1.4064718192053489      -0.51385298302064519       0.15417313893101561     
   1.4331015817305410      -0.43774949408373198       0.15417313893101561     
   1.4346614686638059      -0.43291209591362673       0.15314608450933320     
   1.4853599770529551      -0.26578151190245652       0.15314608450933309     
   1.4877629523440561      -0.25479161084799617       0.14280898998497649     
   1.4975291019891870      -0.16811463540214261       0.14280898998497640     
   1.5062458446320881       -8.5181733414032901E-002  0.13723931869477951     
   1.5125774587457470       0.19068089064190469        2.5414813555375788E-002
   1.5066483699062601       0.25535729999515028        2.9892173678035781E-002
   1.5002624091398331       0.31203426939074702        2.9892173678044792E-002
   1.4158721015611919       0.63738368469760232       -3.8835852550917392E-002
   1.4063064761622439       0.66094911673028911       -4.9043015125985433E-002
   1.3028356115722930       0.86194638284655023      -0.12286409867118291     
   1.2999297586306640       0.86715492556552931      -0.12423703040876941     
   1.2610248496347720       0.92190530407318094      -0.15400432391388419     
   1.2198819243200409       0.97252822167287256      -0.18285872193713831     
   1.2009470272165790       0.99419542945269679      -0.19485467924435279     
   1.1915788229204700        1.0050917156836661      -0.19928500611072220     
   1.1469903903955621        1.0502424454656250      -0.22217862234518621     
   1.1268930476203849        1.0685361039563390      -0.23198166035276069     
   1.0788254560866279        1.1082187066439819      -0.25390286366814713     
  0.90876865073719160        1.2206799633295620      -0.33398031479038021     
  0.89824903416324930        1.2266426622650020      -0.33825878729853398     
  0.89454362188119929        1.2288040772199089      -0.33936176469440638     
  0.89120191687437955        1.2309038096422260      -0.33936176469440582     
  0.83450275342902891        1.2591992535598331      -0.36202318709882891     
  0.82420974248594647        1.2645790213714649      -0.36339760981223762     
  0.82152230954760275        1.2661193100835419      -0.36222755987987287     
  0.68681616336805640        1.3085047685047830      -0.39896757557416312     
  0.61380637533764648        1.3340519982628849      -0.39896757557415430     
  0.54928756266240442        1.3523420175635930      -0.41320033015852792     
  0.50656986401493698        1.3664584410228351      -0.40033801420752457     
  0.32451922653090159        1.4226853948873130      -0.30120828992927318     
   1.2298612542039769E-002   1.4578642093628360      -0.30120828992932291     
  -1.3837175281673060E-002   1.4625146086285510      -0.28607064271318500     
  -8.9947261487604638E-002   1.4739675045915270      -0.24589752477545870     
 -0.44100136500347709        1.4944709112475809       -4.7913805787732147E-002
 -0.45870096257240250        1.4924766455544420       -4.7913805787729337E-002
 -0.55903933024076524        1.4821797686703491       -3.8962748091269747E-002
 -0.62485416122913862        1.4840987754742221        4.3883739349616750E-002
 -0.68220532710556558        1.4678406658267631        5.6535321658727100E-002
 -0.73755071564071495        1.4484744767841380        5.6535321658720362E-002
 -0.77449247568161717        1.4368507054965669        6.6610888974471621E-002
 -0.77470470863315877        1.4367290652446649        6.6518487356908018E-002
 -0.80627104145806250        1.4209760391706130        7.9134864009329467E-002
 -0.88611823353877739        1.3708047231206590        7.9134864009317407E-002
 -0.89634251711435653        1.3615825474495160        7.0486269102268323E-002
 -0.90170292244371009        1.3571020923588810        6.9640636908364348E-002
 -0.92494723609303575        1.3298825592970069        4.8035288718904549E-002
  -1.0110622185454490        1.2437675768445939        4.8035288718904549E-002
  -1.0630463265609020        1.1754116034290720        5.2336825780229697E-003
  -1.0631015269876360        1.1752683016102270        5.0033556730861087E-003
  -1.1114784572222911        1.0879549517887519       -3.7870884439847909E-002
  -1.2281729892161790       0.90223666802661528       -3.7870884439819938E-002
  -1.2567870746300500       0.84489900227220982       -6.0787502329545710E-002
  -1.2949371435361550       0.77833631764401701       -3.1807555133086307E-002
  -1.3059656995243760       0.76030487547022219       -1.6136971064278870E-002
  -1.3789771699682720       0.55165008074803246       -1.6136971064253641E-002
  -1.3895901406950979       0.53015749695007908        7.7805520098820340E-003
  -1.4140787763025731       0.46379713903889608        5.6184978432941568E-002
  -1.4403129501004459       0.39544974774993641       0.11728098932861990     
  -1.4517253583374341       0.29416182318604378       0.11728098932860370     
  -1.4601680915273441       0.25981864243911368       0.15786913812182821     
  -1.4697518849446620        6.2445222511519898E-002  0.26277365370863948     
  -1.4551362929036971       -6.7271744614135154E-002  0.26277365370866018     
  -1.4543528007852331       -7.4906517869418585E-002  0.26345474208487651     
  -1.4406335354292079      -0.11208357313281760       0.23633713614110319     
  -1.4403589702845860      -0.11305211323339120       0.23655079465379120     
  -1.3488016318242479      -0.37470795368700932       0.23655079465375939     
  -1.2557957861122140      -0.52677042955172215       0.10439787040169619     
  -1.2531850076137740      -0.52964139651387587        9.9064239921198977E-002
  -1.0652266193806190      -0.77065466241055924      -0.14235288183559189     
  -1.0214127990307580      -0.84038395804597976      -0.14235288183560241     
 -0.87997396000254302      -0.99719194462013494      -0.27499481650466051     
 -0.76718647305724186       -1.0728799108666589      -0.47663099785074881     
 -0.67166941048398743       -1.1544473850870300      -0.55244711821690340     
 -0.65819491562049337       -1.1679218799505240      -0.55244711821690340     
 -0.62449448605853553       -1.1935507560088989      -0.57354889529381214     
 -0.60957535084643555       -1.2107959084073840      -0.52151795533681289     
 -0.53604526989802559       -1.2276217434929519      -0.71571201901694936     
 -0.51423940878280527       -1.2413232741447400      -0.71571201901694581     
 -0.51881951759921807       -1.2472224934375000      -0.65769019939233797     
 -0.50908817357608982       -1.2563542865271600      -0.61339849250865119     
 -0.48385078777451090       -1.2463237902477839      -0.75927881747058135     
 -0.48207729408335598       -1.2468818222696230      -0.75976252358121343     
 -0.43495941656470521       -1.2633690806928590      -0.75976252358120788     
 -0.43942309524585749       -1.2700448774268580      -0.69604951014479333     
 -0.41659745926092240       -1.2942854999171129      -0.50373367106256450     
 -0.43280738807210062       -1.2633063325666780      -0.76247145709676278     
 -0.35602528409555068       -1.2719575979534281      -0.76247145709677511     
 -0.26520029228425079       -1.2942854999171121      -0.65513083803923633     
 -0.24161041968222899       -1.2990038545020051      -0.63081445259169278     
 -0.24069505702225810       -1.3004364310969521      -0.61718462098986082     
  0.19620083216531309       -1.3004364310969521      -0.18028873180228969     
  -7.6234387090352157E-002  -1.2803704507208720      -0.63081445259166635     
   2.1427878485528240E-002  -1.2703481995299790      -0.62210212654679786     
  0.21910537174900949       -1.2761120136862769      -0.37326936777405201     
  0.32905509706457609       -1.2449430799327741      -0.34901462110174902     
  0.50034718641988096       -1.1850053855419529      -0.34901462110176967     
  0.68572809372632482       -1.1266750497586391      -0.29845347272786837     
  0.75588783002611604       -1.1151301069638779      -0.19786861597839819     
  0.82617259991033409       -1.0800548317098151      -0.16977732217158370     
  0.95077340856266668       -1.0017629545871150      -0.16977732217160249     
   1.0296780953408340      -0.95804493740807439      -0.13103206163721609     
   1.0538513573567030      -0.94873330138298240       -9.2178733276257821E-002
   1.0943207157170800      -0.91795671535539958       -6.6838540594257867E-002
   1.1639273790152980      -0.84835005205718139       -6.6838540594257839E-002
   1.2135081531313581      -0.80601019773601024       -2.7484085620860622E-002
   1.2137742166435950      -0.80569188001156211       -2.7433869322065148E-002
   1.2498853849744100      -0.76565676916293657        6.4313353379049113E-003
   1.3124274132740941      -0.66612170132077952        6.4313353379198968E-003
   1.3339373514238011      -0.63854016856010454        3.4059085320683018E-002
   1.3777847537508920      -0.56203700889224528        6.7366899449890078E-002
   1.3802551544485759      -0.55799795904982008        7.0877116187063355E-002
   1.4482887756377860      -0.36356904018083291        7.0877116187086905E-002
   1.4608227432525300      -0.31935494202611481        6.1123551573722658E-002
   1.4829895489811840      -0.25928637857163639       0.10493863111206260     
   1.5011616036165329       -8.2207996474252712E-002   8.9141694688019371E-002
   1.5062458446320881       -3.7084109407265919E-002   8.9141694688012196E-002
   1.5096867735572130       0.19068089064190469        1.5885501567657001E-002
   1.5057969719804281       0.19965824960519041        6.3970307671027907E-003
   1.4975448732315910       0.29368112880854502        1.4116698050189580E-002
   1.4826426377827031       0.40687484500834531        1.4116698050224761E-002
   1.4054075952684260       0.66254494818519172       -5.0173626472312410E-002
   1.3871588128072541       0.70213586860110000       -6.4769101368247817E-002
   1.3045006391727270       0.85792665063185847      -0.12286409867118300     
   1.2442747410784849       0.93970718627155680      -0.17120500592739241     
   1.1525339824449810        1.0430178956501410      -0.22217862234518701     
   1.1181082816070571        1.0749128675094879      -0.23827699508513789     
  0.93715863169928482        1.2034438672972110      -0.32350797497282402     
  0.84798087823114321        1.2509570658892910      -0.36132248086247182     
  0.82251816815432233        1.2650633058898790      -0.36399038659830241     
  0.69677143981667922        1.3022217583819731      -0.40488305577302558     
  0.69071663757937407        1.3043053174841550      -0.40604572179352449     
  0.67978193435802658        1.3088346198589620      -0.40604572179352483     
  0.57730849139818818        1.3365587232875871      -0.43305253940404098     
  0.38724229369179658        1.3779493938592180      -0.41330194798515152     
  0.19410980413343470        1.4033757684748220      -0.41330194798521153     
  0.12381478433050150        1.4095453460274370      -0.41907345986757982     
 -0.24298546738822380        1.4605358122402929      -0.23333245506941261     
 -0.32598562859265928        1.4496086337175840      -0.23333245506938671     
 -0.46581256298186868        1.4361436423164220      -0.21814143833418070     
 -0.56480837078654555        1.4645468424327299       -9.0812762511315828E-002
 -0.60045260055482652        1.4549033261792870       -8.1418746028464009E-002
 -0.79231387812322618        1.3754317829162350       -8.1418746028458111E-002
 -0.79789015545679820        1.3834980997333219       -5.2994394041566237E-002
 -0.79271123109223407        1.3745768806831140       -8.2685111627078492E-002
 -0.80004648312777615        1.3652787510514430       -9.1134246703365895E-002
 -0.95593649075334408        1.2456601410441070       -9.1134246703349769E-002
 -0.98660073744351984        1.2034164182052469      -0.12140692274377220     
 -0.98946451792760581        1.1830360615898809      -0.15082012264535979     
  -1.0185768936030000        1.1268364667377870      -0.18308026715069331     
  -1.1372504585857119       0.97217806576678656      -0.18308026715070930     
  -1.1666233710787359       0.91043996735126709      -0.21219824323581671     
  -1.1902373413852920       0.87866688583009389      -0.20091662264479110     
  -1.1978601922011829       0.87056538059003685      -0.19308871917300521     
  -1.2823608284691419       0.66656279848275390      -0.19308871917301140     
  -1.3011977600724980       0.64482584420601330      -0.16615158224152499     
  -1.3185232440565380       0.61406698337885501      -0.14435960856884061     
  -1.3524653974191720       0.56032405174497057       -9.4095431869193988E-002
  -1.3800837376277759       0.35054193051860899       -9.4095431869259255E-002
  -1.3936102472844061       0.32556095623744269       -6.2636185874319128E-002
  -1.4072151836306650       0.29416182318604378       -2.9449392482259831E-002
  -1.4051325868128610       0.27043310216737448       -2.7501166339119299E-002
  -1.3509085589113341      -0.14143928077460730       -2.7501166338991221E-002
  -1.3063482030249289      -0.21199473830256030       -9.3489601961909238E-002
  -1.2646050623601439      -0.28610357447587242      -0.14599407590446031     
  -1.1214173345586620      -0.45133563868620441      -0.35075499514089870     
 -0.97240444342740084      -0.81108458142375539      -0.35075499514088748     
 -0.78271048853423897       -1.0126898084827001      -0.54555166687812739     
 -0.77967593394742341       -1.0167728639374021      -0.54700143127889411     
 -0.60986741784599563       -1.1507340273893190      -0.70130505431701218     
 -0.58158377991514532       -1.1875939819770589      -0.70130505431700829     
 -0.53894276389355378       -1.2185466193521679      -0.73186243840411036     
 -0.53575443049778304       -1.2272118535351710      -0.71754396310276636     
 -0.50649875509085218       -1.2231055444479459      -0.77868606050909606     
 -0.48737546949977562       -1.2377793575808069      -0.77868606050909805     
 -0.48749629832132729       -1.2379541414907469      -0.77807015122975376     
 -0.46986257531329151       -1.2361159265381290      -0.80311477201592529     
 -0.43899402988696168       -1.2489020967044431      -0.80311477201592618     
 -0.43701095771873227       -1.2494386152043631      -0.80363740955799501     
 -0.43284170843836361       -1.2621818199788140      -0.76616573058600268     
 -0.41933871987294602       -1.2443682175868469      -0.82636748968593776     
 -0.36792296635887201       -1.2511372299523060      -0.82636748968595342     
 -0.36584605061438652       -1.2522618226346249      -0.82375197106841924     
 -0.35602528409555068       -1.2565170644319541      -0.81337207462736993     
 -0.28150302803530819       -1.2499764753625091      -0.80725348916344430     
 -0.19450799129558360       -1.2385233614980291      -0.80725348916341733     
  -8.3625453560543961E-002  -1.2278456446213550      -0.79520703692778072     
   2.5125137682124491E-002  -1.2590476204860990      -0.65533173225625863     
  0.25654202793965430       -1.1964379763157060      -0.59434194244674288     
  0.37903272634011093       -1.1457006677736901      -0.59434194244673932     
  0.61633024049920315       -1.0755786970239101      -0.51717310576387554     
  0.70434260568113538       -1.0839383946743499      -0.39440478117008909     
  0.81225528423521898       -1.0325971686663240      -0.34350916121967262     
  0.91152797833854904      -0.95642255131146414      -0.34350916121966241     
  0.98661160953450189      -0.91752791365078323      -0.30040904993342721     
   1.0477470007380529      -0.90893737014264431      -0.21217764572060399     
   1.0975852658767871      -0.87276033000216924      -0.17646257248435751     
   1.1613189371296471      -0.78970099252111681      -0.17646257248436600     
   1.2292658598341040      -0.73609797526708365      -0.11471975423062000     
   1.2311248110499009      -0.73359671826723849      -0.11383163664422540     
   1.2822426717920350      -0.67926906229375372       -6.1338719068103419E-002
   1.3730473079555550      -0.46004727814140872       -6.1338719068110108E-002
   1.3831119004798720      -0.44843320042844681       -4.6946178250110653E-002
   1.4546867847580121      -0.32136247003735180        4.3080628230528648E-002
   1.4636924299347009      -0.22784352748943609        3.2920584119500849E-002
   1.4914767680923591       -1.6800526658838459E-002   3.2920584119435228E-002
   1.4696526645203061       0.19965824960519041       -6.1224212326033298E-002
   1.4599851730383850       0.31795568387286172       -5.0173626472297922E-002
   1.2441879406689660       0.93779968596535979      -0.17281368480908879     
   1.2213205096234530       0.95421021884725987      -0.19485467924433739     
   1.1368095681609689        1.0540711212410829      -0.23389507538116031     
  0.95104908197959026        1.1934015336855051      -0.31892497222925847     
  0.94021309972391265        1.2003893992725829      -0.32350797497282391     
  0.85223357544521527        1.2471411232037231      -0.36221659872943962     
  0.71126401389327021        1.2948374230612629      -0.40488305577303108     
  0.57802515945452226        1.3324718267625719      -0.44000529596900462     
  0.57609286578612695        1.3314403809096180      -0.44234567937183378     
  0.41597780202412721        1.3451351577934509      -0.46275738433683078     
  0.31884108485298102        1.3605201023775679      -0.46275738433682673     
  0.16423552887799270        1.3731547626700631      -0.47719964151968608     
  0.12381478433050150        1.4003737192723951      -0.43623236664830861     
  -7.0456996122724339E-002   1.3844974596194630      -0.41808474576247590     
 -0.27147024616137161        1.3526600885142721      -0.41808474576248450     
 -0.43017162926240821        1.3390862249335480      -0.39785325889744833     
 -0.47832493510506158        1.3647901479084990      -0.33953024121706588     
 -0.49362152062915993        1.3609668648594011      -0.33492061554367070     
 -0.80748079321966426        1.2010475779146541      -0.33492061554379088     
 -0.82964522720078449        1.1951158762287750      -0.32677383781440988     
 -0.83451576589729759        1.2012955014244511      -0.31361339186223658     
 -0.83923581030043160        1.1748420895452589      -0.33949724397682379     
  -1.0361211470675400       0.97795675277815164      -0.33949724397682390     
  -1.0494764107863970       0.94797652215690209      -0.35510636169268123     
  -1.0620670833047150       0.93394478154810046      -0.35215622690728549     
  -1.0651662812231719       0.93176624992682922      -0.34984697670534243     
  -1.1822014208113820       0.70207185545785711      -0.34984697670525428     
  -1.1830327449131051       0.69874580816893117      -0.35084928097438711     
  -1.1958835928021720       0.68172723242994460      -0.34020650508300387     
  -1.1975624642159139       0.66209839103005952      -0.34270881879444032     
  -1.2470659528688670       0.34954566456582020      -0.34270881879442711     
  -1.2513745044802840       0.35054193051860921      -0.33489347047050588     
  -1.1862680603862039       0.25925946745064188      -0.43421577879025591     
  -1.1511578810774341       0.21957962251421489      -0.48465554865368038     
  -1.0427093139720180      -0.46513768231184438      -0.48465554865370930     
  -1.0148644965904350      -0.49539437434800110      -0.51274525732534260     
 -0.77370404599741904      -0.81476687249709490      -0.71246878153809190     
 -0.71540469749083202      -0.85660468863641237      -0.76866117208055473     
 -0.71074543532109380      -0.86295879741556991      -0.77082135521890360     
 -0.55862886730311934       -1.1615043718688931      -0.77082135521901829     
 -0.50716693690268766       -1.1976787129786750      -0.80916626777262968     
 -0.50441602587556755       -1.2210228152326610      -0.78464033469434269     
 -0.50643157924668059       -1.1977155968705879      -0.80999813111068131     
 -0.49064941648413879       -1.2051814021406699      -0.81990268767348728     
 -0.47159492979250561       -1.2242358888323039      -0.81990268767348728     
 -0.47206703045865028       -1.2248348790781860      -0.81862704740288827     
 -0.46974883009554819       -1.2358634238660140      -0.80366441419295132     
 -0.45159463563644192       -1.2185621521624270      -0.84400793683010222     
 -0.42191126433956871       -1.2336865852649841      -0.84400793683009090     
 -0.42116638976775361       -1.2338727618675751      -0.84423240476408090     
 -0.41933503994009902       -1.2443162819611220      -0.82646556079156996     
 -0.36792296635887201       -1.2312159869322019      -0.86363751397584154     
 -0.40380823103029651       -1.2246070890883789      -0.86525651061159348     
 -0.36771658384602329       -1.2303234444280511      -0.86525651061159203     
 -0.35259035387831861       -1.2201375806678201      -0.88058726287239109     
 -0.28752918782153181       -1.2148206583478101      -0.87450966697434418     
 -0.18332768821941700       -1.1983167621523489      -0.87450966697434851     
  -8.8208400543693846E-002  -1.1901811289929081      -0.86238371960312865     
  -7.7978284416770877E-002  -1.1956418987645721      -0.84999305953728543     
  0.16144570267179459       -1.1357994149670469      -0.77784264688660398     
  0.35416600703536438       -1.0376035152594489      -0.77784264688667781     
  0.52899494739386488      -0.99081535359701978      -0.71358237662770574     
  0.62823009523413498       -1.0189666444154719      -0.59397973753061928     
  0.71723296055502817      -0.97931862592251318      -0.54764066097736153     
  0.83681896460854699      -0.85973262186899402      -0.54764066097736153     
  0.85734388862934430      -0.85002323740578190      -0.53475964625396855     
  0.99538238353629016      -0.84309953587853592      -0.37860547798650962     
   1.0329659002283300      -0.81668080377221686      -0.35060154090525741     
   1.2235947139906149      -0.56811751689136891      -0.25338752334501830     
   1.1227356148358429      -0.64049781880739731      -0.35060154090518991     
   1.3122675637991570      -0.47070546359886628      -0.16473912634870899     
   1.2280478611339249      -0.56222014555918198      -0.24969952956696370     
   1.3940323690380390        4.5537199325166242E-002 -0.16473912634868729     
   1.3979223261086320        9.3137131709178977E-002 -0.16918560604368499     
   1.2294291842255121        9.3137131709178950E-002 -0.37449509346566701     
   1.2218505063454841       0.19448514195931790      -0.36417038409564823     
   1.0795238718182389       0.91000945249902854      -0.36417038409575891     
   1.1110158106433390       0.95399440573248540      -0.31892497222932242     
   1.1287495216707810       0.96340705832979678      -0.29688079480385932     
  0.85275944310056329        1.2390872156243551      -0.36928464656578119     
  0.82185498809197555        1.2295433223018839      -0.39699107889487001     
  0.78623002721209145        1.2381688271695359      -0.41091911645554718     
  0.70257547638867546        1.2940650109944520      -0.41091911645556950     
  0.57696995007030616        1.3226120699601449      -0.45207570703003308     
  0.50761272184888662        1.2729543250346360      -0.52342047668652525     
  0.46967211175896978        1.2756410054280729      -0.52888505711834777     
  0.30385483169865030        1.3086241131573491      -0.52888505711832190     
  0.16423552887799259        1.3190646705920761      -0.54310860941609351     
  0.10888006057409660        1.2694961988774360      -0.59282480447851127     
   7.2572097179134263E-003   1.2618969687594661      -0.58247209604493433     
 -0.36131340885555779        1.1885837144723841      -0.58247209604499139     
 -0.44020666423983928        1.1829970630739730      -0.57110911219855365     
 -0.44531553937771778        1.1866548681068261      -0.56585383413651635     
 -0.50162546628445248        1.1738570012384051      -0.54740301692402948     
 -0.81015441520476927       0.96770454839024567      -0.54740301692394744     
 -0.83859953663448816       0.96081742410173765      -0.53628203012407516     
 -0.85292144028346939       0.96524030489878132      -0.52344217081693134     
 -0.86466588724197613       0.96004344442317169      -0.51729466695924897     
  -1.0331900885005401       0.70782915367089627      -0.51729466695931603     
  -1.0423999541410460       0.71271754198442305      -0.50584619393921093     
  -1.0111227838934960       0.67700763561448385      -0.54899942452514772     
  -1.0148018889946500       0.62505225883662829      -0.55648254971990274     
  -1.0795316625327129       0.29963371201257499      -0.55648254971985245     
  -1.0855180075609940       0.21957962251421501      -0.56463796595261373     
 -0.86649323020237423       -2.5015756391970290E-002 -0.78431547825016601     
 -0.86559681442488601       -3.7003329533806043E-002 -0.78309425833242097     
 -0.72250077564976323      -0.75639569643428162      -0.78309425833253243     
 -0.50438710799749342       -1.0873333882770859      -0.87766383314189267     
 -0.49880288731195660       -1.1119036593907490      -0.86961300434344146     
 -0.44137953517824841       -1.1978437791056640      -0.86961300434341859     
 -0.45128725098807909       -1.2077514949154939      -0.85444662375997116     
 -0.45067531027121888       -1.2171236514410400      -0.84622169070735831     
 -0.43654977088391711       -1.1963522544958629      -0.87394297999091508     
 -0.43097130690110519       -1.1977029105260550      -0.87612395237557139     
 -0.40763284671081751       -1.2132971710671281      -0.87612395237557772     
 -0.40468696794059827       -1.2139666971415310      -0.87708921505136639     
 -0.40370251987851019       -1.2238756805339921      -0.86616813592025232     
 -0.38497586345018120       -1.1998541233826669      -0.89736517251976977     
 -0.38489225545695860       -1.1998600438977980      -0.89737721456660657     
 -0.35238567306367480       -1.2063260051570719      -0.89737721456660136     
 -0.35259035387831861       -1.2072318245171230      -0.89631297224239470     
 -0.32191541520259359       -1.1790411828765881      -0.92474335073777814     
 -0.29756211620379253       -1.1670704124996270      -0.93462978479170067     
 -0.28269681010588099       -1.1659588034386690      -0.93311539921295572     
  -8.1832504527907607E-002  -1.1260044088940571      -0.93311539921298670     
  -8.1040209300591415E-002  -1.1250070896734909      -0.93380454116752643     
   5.0088770842134393E-003  -1.0458673552413871      -0.97477931276292584     
  0.12931938401746079       -1.0176146224556999      -0.93404705529052956     
  0.36107392288077128      -0.86276119034646537      -0.93404705529046783     
  0.41202502845969552      -0.85042492391055158      -0.91412706394917209     
  0.53566839596337612      -0.88860838675298881      -0.80327843084014550     
  0.56009192754889658      -0.87780109319374144      -0.79049419713627900     
  0.84120358388118188      -0.66846775793353486      -0.66088903117776121     
  0.67879158832618691      -0.70015449684793174      -0.79049419713632640     
  0.69279449674774907      -0.69388006750217035      -0.78149185295518664     
  0.83240212246141265      -0.66379614134044096      -0.67182983070023716     
   1.0719197395983571       -8.2761151373202141E-002 -0.53247394579618812     
  0.92504563518884875      -0.19804575111684281      -0.67182983070016489     
  0.66033099208067925      -0.19804575111684281      -0.88907552392082179     
   1.0586936929805790       0.90516570843189414      -0.38205597817027642     
  0.63534589048695789      -0.20431403822873831      -0.90855701188239757     
  0.47111473408609472       0.40860498164536180      -0.90855701188238469     
  0.46332577581524159       0.54923073441988735      -0.88671790749669321     
  0.67923075894613250       0.83832636661964777      -0.67238033378775952     
  0.79525472874810899       0.91616439743488620      -0.57237397717963678     
  0.42684548029483182        1.0907116452709491      -0.67238033378775941     
  0.51004379752940510        1.2147255616727191      -0.56548707742691651     
  0.37899705376861070        1.0549770558433049      -0.70785550015185705     
  0.10464710419670829        1.1284889032745811      -0.70785550015186260     
  0.10888006057409649        1.1453612709952821      -0.69469970699244166     
   2.9117115315924511E-002   1.0476017143521750      -0.76190814640431703     
   2.6890407184722021E-002   1.0437524958847919      -0.76428450974708495     
 -0.42589219913482929       0.92242976217466655      -0.76428450974707562     
 -0.45032367620613789       0.94067589617816727      -0.74617083754198565     
 -0.46161683027101702       0.93811994835928436      -0.74246250228275990     
 -0.75496329531986583       0.64477348331043560      -0.74246250228275990     
 -0.81520347879472110       0.68518735007981368      -0.69053873790021658     
 -0.71283682333911180       0.58836635980167284      -0.78428314793130505     
 -0.71557756630413394       0.53888361394334727      -0.79196779196534151     
 -0.82978232138784713       0.11266566550476950      -0.79196779196535017     
 -0.83941501633148330       -2.5015756391970290E-002 -0.80653799406752902     
 -0.62212218685781773      -0.22791717023346250      -0.95174334242006053     
 -0.60744124139656330      -0.43775392492373377      -0.92953726783001478     
 -0.48934178154284180      -0.87850710944447119      -0.92953726783000545     
 -0.47771366123320969       -1.0884470160445390      -0.89693371233251074     
 -0.43510018741955070       -1.1301299714214841      -0.90790423117221997     
 -0.43206645897014678       -1.1435341428670109      -0.90350270071344929     
 -0.38384365635115669       -1.1917569454860011      -0.90350270071344929     
 -0.38522778630063420       -1.1938201047126440      -0.90172436958315616     
 -0.35583087905198879       -1.1708361928471400      -0.92427157457524312     
 -0.32637347367146152       -1.1787292808299650      -0.92427157457524367     
 -0.25482461397986172       -1.1213016196309400      -0.96521465741851653     
 -0.22378316635505849       -1.0938906825396670      -0.98264292808936771     
 -0.20156820073937701       -1.0814851920463271      -0.98919740981531523     
 -0.15504521943473881       -1.0464874318809749       -1.0056594913391970     
   6.7934769764208250E-003  -1.0031228838735189       -1.0056594913391930     
   3.4487200995654353E-002 -0.95622542565664381       -1.0267603592472461     
  0.13401744852519401      -0.85447329319837484       -1.0529556816702741     
  0.16931566239257520      -0.84648434766318814       -1.0413648001220279     
  0.40025684907198628      -0.71178344089010148      -0.99171793935645935     
  0.32882288363934581      -0.68697712641641751       -1.0413648001220279     
  0.35056714720372972      -0.68161106317672304       -1.0329158821440061     
  0.35566251215323857      -0.68186604212163171       -1.0301558342863670     
  0.44573634034036719      -0.34570593889487938       -1.0301558342863730     
  0.54610528436733330      -0.28764419319797080      -0.96819180668984217     
  0.28931540859358301      -0.34570593889487938       -1.1137645642008329     
  0.27420802804293137      -0.14695876205272360       -1.0933746935173740     
  0.18959578619348361        5.7313259762934679E-002  -1.0933746935173760     
  0.17713747130934071       0.28240896113369562       -1.0584134467760380     
  0.26421633335832378       0.49797281983099018      -0.98208137908443682     
  0.31024875483899172       0.54400524131165817      -0.95390629450227227     
  0.32279002376749011       0.91139259539949191      -0.79265306674812797     
   2.3851029671762919E-002  0.59753538854192578      -0.98208137908443416     
   4.6318382866018968E-003  0.64280564205855151      -0.96593390044993921     
   4.6318382866018838E-003  0.73594368831652801      -0.92562383222709932     
   2.6890407184722159E-002  0.80651782723533494      -0.89108908197382375     
 -0.41048552539967109       0.88307242670519848      -0.78752801580064291     
 -0.32757329960743620       0.50520176845276910      -0.96593390044994276     
 -0.40006085628559429       0.57768932513092719      -0.92156640956269364     
 -0.28058712421356041       0.38888741804664728       -1.0071213004267281     
 -0.28160632713319000       0.37047255229902071       -1.0099814468497419     
 -0.48330352046635611      -0.11646754733832861       -1.0099814468497370     
 -0.49177514704267028      -0.22791717023346250       -1.0214152867394819     
 -0.42089522387630529      -0.28885661439683841       -1.0505735364441851     
 -0.39607646983077249      -0.61536307147266189       -1.0170765854793029     
 -0.27046347760112049      -0.91861966092364944       -1.0170765854793060     
 -0.26541476288785321       -1.0098393796394010       -1.0029085890481171     
 -0.28853362692921741       -1.0670701635999369      -0.98264292808936848     
 -0.34864206883082061       -1.1271786055015400      -0.94585232746039594     
 -0.34958797707223632       -1.1548882996325640      -0.93369002092210573     
  -7.8756244780413306E-002 -0.95775415352283144       -1.0421621704040549     
  -4.3615649124085387E-002 -0.92854367873901500       -1.0527425941427970     
   4.9336854166820467E-003 -0.86637165849968589       -1.0709470908588330     
  0.13261818908599440      -0.81348300537496121       -1.0709470908588341     
  0.16812172183856311      -0.72587623972547710       -1.0930612827676980     
  0.21104146469127000      -0.68295649687277027       -1.0930612827676980     
  0.21691313122645689      -0.57686775941154511       -1.1095386943942740     
  0.26893239540675928      -0.45128214632283359       -1.1095386943942731     
  0.27609347695044228      -0.35707357487845648       -1.1192037403060939     
  0.22231333393617569      -0.35707357487845642       -1.1355177683333990     
  0.17559921588190480      -0.31437900641525268       -1.1443237553408261     
  0.14670144555782100       -9.6407759712515959E-002  -1.1257016433146740     
   7.5613275973121979E-002  -2.5319590127816882E-002  -1.1257016433146740     
   5.1017624287520547E-002   7.2766556903896787E-002  -1.1136185407926240     
   5.1017624287520547E-002  0.24721645657230359       -1.0849359742549070     
   2.3851029671762971E-002  0.30393694139869082       -1.0711434943375919     
 -0.14409119384809080      -0.12234226123171460       -1.1136185407926240     
 -0.14965382067837901      -0.16430026323471020       -1.1172031723690949     
 -0.30778516177470933      -0.28885661439683841       -1.0848850986653220     
 -0.22375955552956681      -0.75124619374946744       -1.0522745934628761     
   6.3587294963726778E-003 -0.86339634296079470       -1.0716705857292210     
   8.2821722198636441E-002 -0.76987016158108346       -1.0904338439101551     
  0.13219304496088410      -0.71585069533448420       -1.1006169478138410     
  0.17504161792172560      -0.54497287183706455       -1.1216671605354851     
  0.20081997794997031      -0.51919451180882004       -1.1216671605354851     
  0.17504161792172571      -0.31437900641525268       -1.1443786739464330     
  0.14834838693298860      -0.28768577542651569       -1.1443786739464330     
   7.5613275973121979E-002 -0.20135893883994649       -1.1430400058154140     
           1           2           3
           1           3           4
           1           4           5
           6           7           8
           6           8           9
           6           9          10
           6          10           2
           6           2           1
          10          11          12
          10          12           3
          10           3           2
           3          12          13
           3          13          14
           3          14          15
           3          15           4
          16          17          18
          16          18          19
          16          19          20
          16          20          21
           5           4          15
           5          15          22
           5          22          17
           5          17          16
           5          16          23
          24          25           6
          24           6           1
          24           1           5
          24           5          23
          25          26          27
          25          27          28
          25          28           7
          25           7           6
          28          29          30
          28          30           8
          28           8           7
          27          31          32
          27          32          33
          27          33          29
          27          29          28
           8          30          34
           8          34          35
           8          35           9
           9          35          36
           9          36          11
           9          11          10
          36          37          38
          36          38          13
          36          13          12
          36          12          11
          13          38          39
          13          39          40
          13          40          41
          13          41          14
          15          14          41
          15          41          42
          15          42          43
          15          43          22
          22          43          44
          22          44          18
          22          18          17
          45          46          47
          45          47          48
          45          48          49
          45          49          50
          45          50          51
          21          20          45
          21          45          51
          21          51          52
          52          51          50
          52          50          53
          52          53          54
          52          54          55
          23          16          21
          23          21          52
          23          52          55
          23          55          56
          23          56          57
          23          57          58
          23          58          24
          24          58          59
          24          59          60
          24          60          61
          24          61          26
          24          26          25
          60          62          63
          60          63          64
          60          64          65
          60          65          61
          61          65          66
          61          66          31
          61          31          27
          61          27          26
          64          67          68
          64          68          69
          64          69          70
          64          70          66
          64          66          65
          66          70          71
          66          71          32
          66          32          31
          69          72          73
          69          73          71
          69          71          70
          32          71          73
          32          73          74
          32          74          75
          32          75          33
          33          75          76
          33          76          77
          33          77          34
          33          34          30
          33          30          29
          34          77          78
          34          78          37
          34          37          36
          34          36          35
          78          79          80
          78          80          39
          78          39          38
          78          38          37
          39          80          81
          39          81          82
          39          82          83
          39          83          40
          83          82          84
          83          84          85
          83          85          86
          83          86          87
          83          87          88
          41          40          83
          41          83          88
          41          88          89
          41          89          42
          42          89          90
          42          90          91
          42          91          44
          42          44          43
          18          44          91
          18          91          92
          18          92          93
          18          93          19
          19          93          94
          19          94          46
          19          46          45
          19          45          20
          48          95          96
          48          96          97
          48          97          98
          48          98          49
          50          49          98
          50          98          99
          50          99          53
          53          99         100
          53         100         101
          53         101         102
          53         102          54
          55          54         102
          55         102         103
          55         103          56
          56         103         104
          56         104         105
          56         105         106
          56         106          57
          57         106         107
          57         107         108
          57         108          59
          57          59          58
          59         108         109
          59         109         110
          59         110         111
          59         111         112
          59         112          62
          59          62          60
         111         113         114
         111         114         115
         111         115         116
         111         116         117
         111         117         112
         112         117         118
         112         118         119
         112         119          63
         112          63          62
         118         120         121
         118         121         122
         118         122         119
          63         119         122
          63         122         123
          63         123          67
          63          67          64
         123         124         125
         123         125         126
         123         126         127
         123         127          68
         123          68          67
          68         127         128
          68         128         129
          68         129          72
          68          72          69
         126         130         128
         126         128         127
         128         130         131
         128         131         132
         128         132         133
         128         133         134
         128         134         129
          73          72         129
          73         129         134
          73         134         135
          73         135          74
          74         135         136
          74         136         137
          74         137          76
          74          76          75
          76         137         138
          76         138         139
          76         139          79
          76          79          78
          76          78          77
         139         140         141
         139         141          81
         139          81          80
         139          80          79
          81         141         142
          81         142          84
          81          84          82
          84         142         143
          84         143         144
          84         144         145
          84         145          85
          85         145         146
          85         146         147
          85         147         148
          85         148          86
          86         148         149
          86         149         150
          86         150          87
          88          87         150
          88         150         151
          88         151         152
          88         152          90
          88          90          89
          91          90         152
          91         152         153
          91         153         154
          91         154          92
          92         154         155
          92         155         156
          92         156          94
          92          94          93
          94         156         157
          94         157         158
          94         158          47
          94          47          46
          47         158         159
          47         159         160
          47         160          95
          47          95          48
          96         161         162
          96         162         163
          96         163          97
          98          97         163
          98         163         164
          98         164         100
          98         100          99
         100         164         165
         100         165         166
         100         166         167
         100         167         101
         102         101         167
         102         167         168
         102         168         104
         102         104         103
         104         168         169
         104         169         170
         104         170         171
         104         171         105
         105         171         172
         105         172         173
         105         173         107
         105         107         106
         107         173         174
         107         174         175
         107         175         176
         107         176         109
         107         109         108
         109         176         177
         109         177         178
         109         178         110
         110         178         179
         110         179         180
         110         180         113
         110         113         111
         180         181         182
         180         182         183
         180         183         184
         180         184         114
         180         114         113
         114         184         185
         114         185         186
         114         186         187
         114         187         188
         114         188         115
         115         188         189
         115         189         190
         115         190         191
         115         191         116
         116         191         192
         116         192         193
         116         193         120
         116         120         118
         116         118         117
         193         194         195
         193         195         196
         193         196         121
         193         121         120
         122         121         196
         122         196         197
         122         197         124
         122         124         123
         197         198         199
         197         199         125
         197         125         124
         125         199         200
         125         200         131
         125         131         130
         125         130         126
         200         201         202
         200         202         203
         200         203         204
         200         204         132
         200         132         131
         203         205         206
         203         206         207
         203         207         208
         203         208         204
         132         204         208
         132         208         209
         132         209         210
         132         210         133
         210         209         211
         210         211         212
         210         212         213
         134         133         210
         134         210         213
         134         213         214
         134         214         215
         134         215         136
         134         136         135
         136         215         216
         136         216         217
         136         217         138
         136         138         137
         138         217         218
         138         218         219
         138         219         140
         138         140         139
         219         220         221
         219         221         222
         219         222         143
         219         143         142
         219         142         141
         219         141         140
         143         222         223
         143         223         144
         144         223         224
         144         224         225
         144         225         146
         144         146         145
         146         225         226
         146         226         227
         146         227         228
         146         228         147
         147         228         229
         147         229         149
         147         149         148
         150         149         229
         150         229         230
         150         230         231
         150         231         232
         150         232         151
         152         151         232
         152         232         233
         152         233         234
         152         234         153
         153         234         235
         153         235         236
         153         236         155
         153         155         154
         155         236         237
         155         237         238
         155         238         239
         155         239         157
         155         157         156
         157         239         240
         157         240         241
         157         241         242
         157         242         159
         157         159         158
         159         242         243
         159         243         160
         160         243         161
         160         161          96
         160          96          95
         244         245         246
         244         246         247
         244         247         248
         244         248         249
         244         249         250
         163         162         251
         163         251         244
         163         244         250
         163         250         165
         163         165         164
         165         250         249
         165         249         252
         165         252         253
         165         253         254
         165         254         255
         165         255         166
         167         166         255
         167         255         169
         167         169         168
         169         255         254
         169         254         256
         169         256         257
         169         257         258
         169         258         170
         170         258         259
         170         259         172
         170         172         171
         172         259         260
         172         260         261
         172         261         174
         172         174         173
         174         261         262
         174         262         263
         174         263         264
         174         264         175
         175         264         265
         175         265         266
         175         266         177
         175         177         176
         177         266         267
         177         267         268
         177         268         179
         177         179         178
         179         268         269
         179         269         270
         179         270         271
         179         271         272
         179         272         181
         179         181         180
         272         273         274
         272         274         182
         272         182         181
         182         274         275
         182         275         276
         182         276         277
         182         277         183
         186         278         279
         186         279         280
         186         280         187
         187         280         281
         187         281         189
         187         189         188
         190         282         283
         190         283         192
         190         192         191
         192         283         284
         192         284         285
         192         285         194
         192         194         193
         285         286         287
         285         287         195
         285         195         194
         196         195         287
         196         287         288
         196         288         289
         196         289         198
         196         198         197
         289         290         291
         289         291         201
         289         201         200
         289         200         199
         289         199         198
         291         292         293
         291         293         202
         291         202         201
         202         293         294
         202         294         295
         202         295         296
         202         296         297
         202         297         205
         202         205         203
         297         298         299
         297         299         206
         297         206         205
         206         299         300
         206         300         301
         206         301         302
         206         302         207
         208         207         302
         208         302         303
         208         303         304
         208         304         211
         208         211         209
         211         304         305
         211         305         306
         211         306         307
         211         307         212
         213         212         307
         213         307         308
         213         308         309
         213         309         310
         213         310         214
         214         310         311
         214         311         312
         214         312         216
         214         216         215
         216         312         313
         216         313         314
         216         314         315
         216         315         218
         216         218         217
         218         315         316
         218         316         220
         218         220         219
         316         317         318
         316         318         221
         316         221         220
         221         318         319
         221         319         224
         221         224         223
         221         223         222
         224         319         320
         224         320         321
         224         321         226
         224         226         225
         226         321         322
         226         322         323
         226         323         227
         229         228         227
         229         227         323
         229         323         324
         229         324         230
         230         324         325
         230         325         326
         230         326         327
         230         327         231
         232         231         327
         232         327         328
         232         328         233
         233         328         329
         233         329         330
         233         330         331
         233         331         235
         233         235         234
         235         331         332
         235         332         333
         235         333         237
         235         237         236
         237         333         334
         237         334         335
         237         335         336
         237         336         337
         237         337         238
         238         337         338
         238         338         240
         238         240         239
         240         338         339
         240         339         340
         240         340         341
         240         341         342
         240         342         241
         241         342         251
         241         251         162
         241         162         161
         241         161         243
         241         243         242
         251         342         341
         251         341         245
         251         245         244
         247         343         344
         247         344         345
         247         345         346
         247         346         248
         249         248         346
         249         346         347
         249         347         252
         252         347         348
         252         348         349
         252         349         350
         252         350         253
         254         253         350
         254         350         351
         254         351         256
         256         351         352
         256         352         353
         256         353         354
         256         354         355
         256         355         257
         257         355         356
         257         356         357
         257         357         260
         257         260         259
         257         259         258
         356         358         359
         356         359         360
         356         360         357
         260         357         360
         260         360         361
         260         361         362
         260         362         262
         260         262         261
         262         362         363
         262         363         364
         262         364         365
         262         365         263
         263         365         366
         263         366         367
         263         367         265
         263         265         264
         265         367         368
         265         368         369
         265         369         370
         265         370         267
         265         267         266
         267         370         371
         267         371         269
         267         269         268
         269         371         372
         269         372         373
         269         373         374
         269         374         270
         271         375         376
         271         376         273
         271         273         272
         376         377         378
         376         378         275
         376         275         274
         376         274         273
         183         277         379
         183         379         380
         183         380         185
         183         185         184
         185         380         381
         185         381         278
         185         278         186
         279         382         383
         279         383         281
         279         281         280
         189         281         383
         189         383         384
         189         384         385
         189         385         282
         189         282         190
         385         386         387
         385         387         284
         385         284         283
         385         283         282
         284         387         388
         284         388         389
         284         389         286
         284         286         285
         287         286         389
         287         389         390
         287         390         391
         287         391         288
         288         391         392
         288         392         393
         288         393         290
         288         290         289
         393         394         395
         393         395         396
         393         396         292
         393         292         291
         393         291         290
         396         397         294
         396         294         293
         396         293         292
         294         397         398
         294         398         399
         294         399         400
         294         400         295
         296         401         402
         296         402         298
         296         298         297
         402         403         404
         402         404         300
         402         300         299
         402         299         298
         302         301         405
         302         405         406
         302         406         303
         303         406         407
         303         407         305
         303         305         304
         307         306         408
         307         408         409
         307         409         308
         308         409         410
         308         410         411
         308         411         309
         309         411         412
         309         412         413
         309         413         311
         309         311         310
         311         413         414
         311         414         313
         311         313         312
         313         414         415
         313         415         416
         313         416         417
         313         417         418
         313         418         419
         313         419         314
         314         419         420
         314         420         317
         314         317         316
         314         316         315
         418         421         422
         418         422         423
         418         423         420
         418         420         419
         420         423         424
         420         424         320
         420         320         319
         420         319         318
         420         318         317
         422         425         426
         422         426         424
         422         424         423
         320         424         426
         320         426         427
         320         427         322
         320         322         321
         323         322         427
         323         427         428
         323         428         325
         323         325         324
         325         428         429
         325         429         430
         325         430         431
         325         431         326
         327         326         431
         327         431         432
         327         432         329
         327         329         328
         329         432         433
         329         433         434
         329         434         435
         329         435         330
         330         435         436
         330         436         437
         330         437         332
         330         332         331
         332         437         438
         332         438         439
         332         439         440
         332         440         334
         332         334         333
         334         440         441
         334         441         442
         334         442         335
         335         442         443
         335         443         444
         335         444         445
         335         445         336
         336         445         446
         336         446         339
         336         339         338
         336         338         337
         339         446         447
         339         447         448
         339         448         340
         340         448         449
         340         449         246
         340         246         245
         340         245         341
         246         449         450
         246         450         451
         246         451         343
         246         343         247
         344         452         453
         344         453         454
         344         454         455
         344         455         345
         346         345         455
         346         455         456
         346         456         457
         346         457         348
         346         348         347
         348         457         458
         348         458         459
         348         459         460
         348         460         461
         348         461         349
         350         349         461
         350         461         462
         350         462         352
         350         352         351
         353         463         464
         353         464         465
         353         465         466
         353         466         467
         353         467         354
         354         467         468
         354         468         469
         354         469         358
         354         358         356
         354         356         355
         469         470         471
         469         471         472
         469         472         359
         469         359         358
         360         359         472
         360         472         473
         360         473         474
         360         474         475
         360         475         361
         361         475         476
         361         476         477
         361         477         478
         361         478         363
         361         363         362
         363         478         479
         363         479         480
         363         480         481
         363         481         482
         363         482         483
         363         483         364
         364         483         484
         364         484         485
         364         485         366
         364         366         365
         366         485         486
         366         486         487
         366         487         488
         366         488         368
         366         368         367
         368         488         489
         368         489         490
         368         490         491
         368         491         369
         369         491         492
         369         492         493
         369         493         372
         369         372         371
         369         371         370
         372         493         494
         372         494         495
         372         495         373
         270         374         496
         270         496         497
         270         497         375
         270         375         271
         497         498         377
         497         377         376
         497         376         375
         275         378         499
         275         499         500
         275         500         276
         276         500         501
         276         501         502
         276         502         379
         276         379         277
         379         502         503
         379         503         504
         379         504         381
         379         381         380
         381         504         505
         381         505         506
         381         506         382
         381         382         279
         381         279         278
         383         382         506
         383         506         507
         383         507         508
         383         508         384
         384         508         509
         384         509         386
         384         386         385
         509         510         511
         509         511         388
         509         388         387
         509         387         386
         388         511         512
         388         512         513
         388         513         390
         388         390         389
         390         513         514
         390         514         515
         390         515         516
         390         516         392
         390         392         391
         392         516         517
         392         517         518
         392         518         394
         392         394         393
         518         519         520
         518         520         521
         518         521         395
         518         395         394
         395         521         522
         395         522         398
         395         398         397
         395         397         396
         522         523         524
         522         524         399
         522         399         398
         295         400         525
         295         525         526
         295         526         401
         295         401         296
         526         527         403
         526         403         402
         526         402         401
         300         404         528
         300         528         405
         300         405         301
         405         528         529
         405         529         530
         405         530         407
         405         407         406
         305         407         530
         305         530         531
         305         531         532
         305         532         408
         305         408         306
         408         532         533
         408         533         410
         408         410         409
         410         533         534
         410         534         535
         410         535         536
         410         536         412
         410         412         411
         412         536         537
         412         537         415
         412         415         414
         412         414         413
         415         537         538
         415         538         539
         415         539         540
         415         540         416
         416         540         541
         416         541         542
         416         542         417
         541         543         544
         541         544         545
         541         545         542
         417         542         545
         417         545         546
         417         546         421
         417         421         418
         545         544         547
         545         547         548
         545         548         549
         545         549         550
         545         550         546
         546         550         551
         546         551         552
         546         552         425
         546         425         422
         546         422         421
         549         553         554
         549         554         551
         549         551         550
         552         551         554
         552         554         555
         552         555         556
         427         426         425
         427         425         552
         427         552         556
         427         556         557
         427         557         429
         427         429         428
         429         557         558
         429         558         559
         429         559         560
         429         560         430
         431         430         560
         431         560         561
         431         561         433
         431         433         432
         433         561         562
         433         562         563
         433         563         434
         434         563         564
         434         564         565
         434         565         436
         434         436         435
         436         565         566
         436         566         567
         436         567         438
         436         438         437
         438         567         568
         438         568         569
         438         569         439
         439         569         570
         439         570         571
         439         571         441
         439         441         440
         441         571         572
         441         572         573
         441         573         443
         441         443         442
         443         573         574
         443         574         575
         443         575         444
         444         575         576
         444         576         447
         444         447         446
         444         446         445
         447         576         577
         447         577         578
         447         578         450
         447         450         449
         447         449         448
         450         578         579
         450         579         580
         450         580         451
         451         580         581
         451         581         452
         451         452         344
         451         344         343
         455         454         582
         455         582         583
         455         583         456
         456         583         584
         456         584         458
         456         458         457
         461         460         585
         461         585         462
         352         462         585
         352         585         586
         352         586         463
         352         463         353
         466         587         588
         466         588         468
         466         468         467
         468         588         589
         468         589         470
         468         470         469
         472         471         590
         472         590         591
         472         591         592
         472         592         473
         474         593         594
         474         594         476
         474         476         475
         477         595         479
         477         479         478
         482         596         597
         482         597         598
         482         598         599
         482         599         484
         482         484         483
         484         599         600
         484         600         601
         484         601         602
         484         602         486
         484         486         485
         486         602         603
         486         603         604
         486         604         487
         487         604         605
         487         605         606
         487         606         489
         487         489         488
         490         607         608
         490         608         609
         490         609         492
         490         492         491
         492         609         610
         492         610         494
         492         494         493
         373         495         611
         373         611         496
         373         496         374
         496         611         612
         496         612         613
         496         613         614
         496         614         498
         496         498         497
         614         615         499
         614         499         378
         614         378         377
         614         377         498
         499         615         616
         499         616         617
         499         617         501
         499         501         500
         501         617         618
         501         618         619
         501         619         503
         501         503         502
         503         619         620
         503         620         505
         503         505         504
         505         620         621
         505         621         622
         505         622         507
         505         507         506
         507         622         623
         507         623         624
         507         624         510
         507         510         509
         507         509         508
         624         625         512
         624         512         511
         624         511         510
         512         625         626
         512         626         627
         512         627         628
         512         628         514
         512         514         513
         514         628         629
         514         629         630
         514         630         631
         514         631         515
         515         631         632
         515         632         633
         515         633         517
         515         517         516
         517         633         634
         517         634         635
         517         635         519
         517         519         518
         635         636         637
         635         637         520
         635         520         519
         520         637         523
         520         523         522
         520         522         521
         399         524         638
         399         638         525
         399         525         400
         525         638         639
         525         639         640
         525         640         527
         525         527         526
         640         641         642
         640         642         529
         640         529         528
         640         528         404
         640         404         403
         640         403         527
         530         529         642
         530         642         643
         530         643         531
         531         643         644
         531         644         534
         531         534         533
         531         533         532
         534         644         645
         534         645         646
         534         646         647
         534         647         535
         535         647         648
         535         648         538
         535         538         537
         535         537         536
         538         648         649
         538         649         650
         538         650         651
         538         651         539
         539         651         652
         539         652         653
         539         653         543
         539         543         541
         539         541         540
         652         654         655
         652         655         656
         652         656         653
         653         656         657
         653         657         547
         653         547         544
         653         544         543
         655         658         659
         655         659         660
         655         660         661
         655         661         657
         655         657         656
         547         657         661
         547         661         662
         547         662         548
         661         660         663
         661         663         664
         661         664         665
         661         665         662
         548         662         665
         548         665         666
         548         666         667
         548         667         553
         548         553         549
         554         553         667
         554         667         668
         554         668         555
         668         667         666
         668         666         669
         668         669         670
         668         670         671
         556         555         668
         556         668         671
         556         671         672
         556         672         558
         556         558         557
         558         672         673
         558         673         674
         558         674         675
         558         675         559
         560         559         675
         560         675         676
         560         676         562
         560         562         561
         562         676         677
         562         677         678
         562         678         679
         562         679         564
         562         564         563
         564         679         680
         564         680         566
         564         566         565
         566         680         681
         566         681         682
         566         682         568
         566         568         567
         568         682         683
         568         683         684
         568         684         570
         568         570         569
         570         684         685
         570         685         686
         570         686         572
         570         572         571
         572         686         687
         572         687         688
         572         688         574
         572         574         573
         574         688         689
         574         689         577
         574         577         576
         574         576         575
         577         689         690
         577         690         691
         577         691         579
         577         579         578
         579         691         692
         579         692         693
         579         693         581
         579         581         580
         581         693         453
         581         453         452
         582         694         695
         582         695         696
         582         696         584
         582         584         583
         458         584         696
         458         696         697
         458         697         459
         586         698         699
         586         699         464
         586         464         463
         465         700         587
         465         587         466
         589         701         590
         589         590         471
         589         471         470
         473         592         702
         473         702         593
         473         593         474
         476         594         703
         476         703         595
         476         595         477
         481         704         596
         481         596         482
         598         705         600
         598         600         599
         601         706         707
         601         707         708
         601         708         709
         601         709         603
         601         603         602
         603         709         710
         603         710         605
         603         605         604
         489         606         711
         489         711         712
         489         712         607
         489         607         490
         712         713         608
         712         608         607
         494         610         714
         494         714         612
         494         612         611
         494         611         495
         612         714         715
         612         715         716
         612         716         717
         612         717         613
         613         717         718
         613         718         616
         613         616         615
         613         615         614
         718         719         720
         718         720         618
         718         618         617
         718         617         616
         618         720         621
         618         621         620
         618         620         619
         621         720         719
         621         719         721
         621         721         722
         621         722         723
         621         723         623
         621         623         622
         623         723         724
         623         724         626
         623         626         625
         623         625         624
         724         725         726
         724         726         727
         724         727         627
         724         627         626
         627         727         728
         627         728         729
         627         729         730
         627         730         629
         627         629         628
         629         730         731
         629         731         732
         629         732         630
         630         732         733
         630         733         734
         630         734         632
         630         632         631
         632         734         735
         632         735         736
         632         736         634
         632         634         633
         634         736         737
         634         737         636
         634         636         635
         737         738         639
         737         639         638
         737         638         524
         737         524         523
         737         523         637
         737         637         636
         639         738         739
         639         739         641
         639         641         640
         642         641         739
         642         739         740
         642         740         741
         642         741         645
         642         645         644
         642         644         643
         645         741         742
         645         742         743
         645         743         646
         646         743         744
         646         744         745
         646         745         649
         646         649         648
         646         648         647
         649         745         746
         649         746         747
         649         747         650
         650         747         748
         650         748         749
         650         749         654
         650         654         652
         650         652         651
         748         750         751
         748         751         752
         748         752         749
         749         752         658
         749         658         655
         749         655         654
         751         753         754
         751         754         659
         751         659         658
         751         658         752
         659         754         755
         659         755         756
         659         756         663
         659         663         660
         755         757         758
         755         758         759
         755         759         756
         663         756         759
         663         759         760
         663         760         664
         665         664         760
         665         760         761
         665         761         669
         665         669         666
         669         761         762
         669         762         763
         669         763         764
         669         764         670
         671         670         764
         671         764         765
         671         765         673
         671         673         672
         673         765         766
         673         766         767
         673         767         768
         673         768         674
         675         674         768
         675         768         769
         675         769         677
         675         677         676
         677         769         770
         677         770         771
         677         771         772
         677         772         678
         678         772         773
         678         773         681
         678         681         680
         678         680         679
         681         773         774
         681         774         775
         681         775         683
         681         683         682
         683         775         776
         683         776         777
         683         777         685
         683         685         684
         685         777         778
         685         778         779
         685         779         687
         685         687         686
         687         779         780
         687         780         690
         687         690         689
         687         689         688
         690         780         781
         690         781         782
         690         782         692
         690         692         691
         453         693         692
         453         692         782
         453         782         694
         453         694         582
         453         582         454
         697         696         695
         697         695         783
         697         783         784
         585         460         459
         585         459         697
         585         697         784
         585         784         698
         585         698         586
         785         701         589
         785         589         588
         785         588         587
         785         587         700
         786         591         590
         786         590         701
         786         701         785
         702         787         703
         702         703         594
         702         594         593
         480         788         789
         480         789         704
         480         704         481
         597         790         705
         597         705         598
         791         707         706
         708         792         710
         708         710         709
         605         710         792
         605         792         793
         605         793         794
         605         794         795
         605         795         711
         605         711         606
         711         795         796
         711         796         797
         711         797         713
         711         713         712
         608         713         797
         608         797         798
         608         798         715
         608         715         714
         608         714         610
         608         610         609
         715         798         799
         715         799         800
         715         800         801
         715         801         716
         716         801         802
         716         802         721
         716         721         719
         716         719         718
         716         718         717
         802         803         804
         802         804         805
         802         805         722
         802         722         721
         722         805         725
         722         725         724
         722         724         723
         804         806         807
         804         807         726
         804         726         725
         804         725         805
         726         807         808
         726         808         809
         726         809         810
         726         810         728
         726         728         727
         728         810         811
         728         811         729
         729         811         812
         729         812         813
         729         813         731
         729         731         730
         731         813         814
         731         814         815
         731         815         816
         731         816         733
         731         733         732
         733         816         735
         733         735         734
         735         816         815
         735         815         817
         735         817         740
         735         740         739
         735         739         738
         735         738         737
         735         737         736
         817         818         819
         817         819         742
         817         742         741
         817         741         740
         742         819         820
         742         820         821
         742         821         744
         742         744         743
         744         821         822
         744         822         823
         744         823         824
         744         824         746
         744         746         745
         746         824         825
         746         825         826
         746         826         750
         746         750         748
         746         748         747
         825         827         828
         825         828         829
         825         829         830
         825         830         826
         826         830         831
         826         831         753
         826         753         751
         826         751         750
         829         832         833
         829         833         831
         829         831         830
         831         833         834
         831         834         835
         831         835         757
         831         757         755
         831         755         754
         831         754         753
         836         835         834
         836         834         837
         836         837         838
         758         757         835
         758         835         836
         760         759         758
         760         758         836
         760         836         838
         760         838         839
         760         839         840
         760         840         762
         760         762         761
         762         840         841
         762         841         842
         762         842         843
         762         843         763
         764         763         843
         764         843         844
         764         844         766
         764         766         765
         766         844         845
         766         845         846
         766         846         847
         766         847         767
         768         767         847
         768         847         848
         768         848         770
         768         770         769
         770         848         849
         770         849         850
         770         850         851
         770         851         771
         771         851         852
         771         852         774
         771         774         773
         771         773         772
         853         776         775
         853         775         774
         853         774         852
         853         852         854
         855         778         777
         855         777         776
         855         776         853
         855         853         856
         781         780         779
         781         779         778
         781         778         855
         781         855         857
         695         694         782
         695         782         781
         695         781         857
         695         857         858
         695         858         783
         784         783         858
         784         858         859
         784         859         860
         784         860         699
         784         699         698
         464         699         860
         464         860         861
         464         861         862
         464         862         863
         464         863         786
         464         786         785
         464         785         700
         464         700         465
         863         787         702
         863         702         592
         863         592         591
         863         591         786
         479         595         703
         479         703         787
         479         787         863
         479         863         862
         479         862         788
         479         788         480
         789         864         790
         789         790         597
         789         597         596
         789         596         704
         600         705         790
         600         790         864
         600         864         865
         600         865         866
         600         866         867
         600         867         791
         600         791         706
         600         706         601
         867         868         793
         867         793         792
         867         792         708
         867         708         707
         867         707         791
         793         868         869
         793         869         870
         793         870         871
         793         871         794
         794         871         872
         794         872         796
         794         796         795
         796         872         873
         796         873         874
         796         874         799
         796         799         798
         796         798         797
         799         874         875
         799         875         876
         799         876         877
         799         877         800
         800         877         878
         800         878         803
         800         803         802
         800         802         801
         878         879         880
         878         880         881
         878         881         806
         878         806         804
         878         804         803
         881         882         808
         881         808         807
         881         807         806
         808         882         883
         808         883         884
         808         884         809
         809         884         812
         809         812         811
         809         811         810
         812         884         883
         812         883         885
         812         885         886
         812         886         887
         812         887         814
         812         814         813
         814         887         888
         814         888         818
         814         818         817
         814         817         815
         888         889         890
         888         890         820
         888         820         819
         888         819         818
         820         890         891
         820         891         822
         820         822         821
         823         892         893
         823         893         827
         823         827         825
         823         825         824
         893         894         895
         893         895         828
         893         828         827
         828         895         896
         828         896         832
         828         832         829
         897         898         899
         897         899         896
         897         896         895
         897         895         894
         896         899         900
         896         900         901
         896         901         837
         896         837         834
         896         834         833
         896         833         832
         901         900         902
         901         902         903
         901         903         904
         901         904         905
         838         837         901
         838         901         905
         838         905         839
         839         905         904
         839         904         906
         839         906         907
         839         907         908
         839         908         841
         839         841         840
         841         908         909
         841         909         842
         843         842         909
         843         909         910
         843         910         911
         843         911         912
         843         912         845
         843         845         844
         846         845         912
         846         912         913
         846         913         914
         846         914         915
         849         848         847
         849         847         846
         849         846         915
         849         915         916
         917         850         849
         917         849         916
         917         916         918
         917         918         919
         917         919         920
         854         852         851
         854         851         850
         854         850         917
         921         856         853
         921         853         854
         921         854         917
         921         917         920
         921         920         922
         858         857         855
         858         855         856
         858         856         921
         858         921         859
         860         859         921
         860         921         922
         860         922         923
         860         923         924
         860         924         861
         923         925         926
         923         926         927
         923         927         928
         923         928         929
         923         929         924
         861         924         929
         861         929         865
         861         865         864
         861         864         789
         861         789         788
         861         788         862
         929         928         930
         929         930         931
         929         931         866
         929         866         865
         866         931         869
         866         869         868
         866         868         867
         930         932         933
         930         933         934
         930         934         870
         930         870         869
         930         869         931
         870         934         873
         870         873         872
         870         872         871
         873         934         933
         873         933         935
         873         935         875
         873         875         874
         875         935         936
         875         936         937
         875         937         938
         875         938         876
         876         938         939
         876         939         879
         876         879         878
         876         878         877
         939         940         941
         939         941         880
         939         880         879
         880         941         885
         880         885         883
         880         883         882
         880         882         881
         942         943         944
         942         944         886
         942         886         885
         942         885         941
         942         941         940
         886         944         945
         886         945         889
         886         889         888
         886         888         887
         945         946         947
         945         947         891
         945         891         890
         945         890         889
         822         891         947
         822         947         948
         822         948         949
         822         949         892
         822         892         823
         949         950         951
         949         951         897
         949         897         894
         949         894         893
         949         893         892
         951         952         953
         951         953         898
         951         898         897
         953         902         900
         953         900         899
         953         899         898
         954         955         903
         954         903         902
         954         902         953
         954         953         952
         904         903         955
         904         955         906
         909         908         907
         909         907         956
         909         956         957
         909         957         958
         909         958         910
         911         910         958
         911         958         959
         911         959         960
         913         912         911
         913         911         960
         913         960         961
         913         961         962
         913         962         963
         964         914         913
         964         913         963
         964         963         965
         964         965         966
         964         966         967
         916         915         914
         916         914         964
         916         964         918
         919         918         964
         919         964         967
         919         967         968
         919         968         969
         922         920         919
         922         919         969
         922         969         925
         922         925         923
         969         968         970
         969         970         971
         969         971         926
         969         926         925
         926         971         972
         926         972         973
         926         973         974
         926         974         975
         926         975         927
         927         975         976
         927         976         932
         927         932         930
         927         930         928
         974         977         978
         974         978         979
         974         979         980
         974         980         976
         974         976         975
         976         980         936
         976         936         935
         976         935         933
         976         933         932
         936         980         979
         936         979         981
         936         981         937
         978         982         983
         978         983         981
         978         981         979
         937         981         983
         937         983         942
         937         942         940
         937         940         939
         937         939         938
         983         982         984
         983         984         985
         983         985         986
         983         986         943
         983         943         942
         986         987         946
         986         946         945
         986         945         944
         986         944         943
         947         946         987
         947         987         988
         947         988         989
         947         989         948
         948         989         990
         948         990         991
         948         991         992
         948         992         993
         948         993         950
         948         950         949
         993         994         954
         993         954         952
         993         952         951
         993         951         950
         992         957         956
         992         956         994
         992         994         993
         906         955         954
         906         954         994
         906         994         956
         906         956         907
         960         959         995
         960         995         996
         960         996         961
         961         996         997
         961         997         998
         961         998         962
         963         962         998
         963         998         999
         963         999        1000
         963        1000         965
         965        1000        1001
         965        1001        1002
         965        1002         966
         967         966        1002
         967        1002        1003
         967        1003         970
         967         970         968
         970        1003        1004
         970        1004        1005
         970        1005        1006
         970        1006         972
         970         972         971
         972        1006        1007
         972        1007        1008
         972        1008        1009
         972        1009         973
         973        1009        1010
         973        1010         977
         973         977         974
        1010         984         982
        1010         982         978
        1010         978         977
        1008        1011         985
        1008         985         984
        1008         984        1010
        1008        1010        1009
        1012        1013         988
        1012         988         987
        1012         987         986
        1012         986         985
        1012         985        1011
        1014         990         989
        1014         989         988
        1014         988        1013
         995         991         990
         995         990        1014
         995        1014        1015
         995        1015         997
         995         997         996
         958         957         992
         958         992         991
         958         991         995
         958         995         959
         998         997        1015
         998        1015        1016
         998        1016        1017
         998        1017         999
         999        1017        1018
         999        1018        1019
         999        1019        1001
         999        1001        1000
        1002        1001        1019
        1002        1019        1004
        1002        1004        1003
        1005        1020        1021
        1005        1021        1022
        1005        1022        1007
        1005        1007        1006
        1007        1022        1012
        1007        1012        1011
        1007        1011        1008
        1018        1017        1016
        1018        1016        1021
        1018        1021        1020
        1004        1019        1018
        1004        1018        1020
        1004        1020        1005
        1021        1016        1015
        1021        1015        1014
        1021        1014        1013
        1021        1013        1012
        1021        1012        1022
